start_date,end_date,national_total,districts
2009-10-03,2009-10-09,348,"[{'district': <District.Colombo: 'Colombo'>, 'cases': 80}, {'district': <District.Gampaha: 'Gampaha'>, 'cases': 41}, {'district': <District.Kalutara: 'Kalutara'>, 'cases': 10}, {'district': <District.Kandy: 'Kandy'>, 'cases': 57}, {'district': <District.Matale: 'Matale'>, 'cases': 22}, {'district': <District.Nuwara_Eliya: 'Nuwara Eliya'>, 'cases': 4}, {'district': <District.Galle: 'Galle'>, 'cases': 13}, {'district': <District.Hambantota: 'Hambantota'>, 'cases': 8}, {'district': <District.Matara: 'Matara'>, 'cases': 11}, {'district': <District.Jaffna: 'Jaffna'>, 'cases': 0}, {'district': <District.Kilinochchi: 'Kilinochchi'>, 'cases': 0}, {'district': <District.Mannar: 'Mannar'>, 'cases': 0}, {'district': <District.Vavuniya: 'Vavuniya'>, 'cases': 26}, {'district': <District.Mullaitivu: 'Mullaitivu'>, 'cases': 0}, {'district': <District.Batticaloa: 'Batticaloa'>, 'cases': 5}, {'district': <District.Ampara: 'Ampara'>, 'cases': 0}, {'district': <District.Trincomalee: 'Trincomalee'>, 'cases': 2}, {'district': <District.Kurunegala: 'Kurunegala'>, 'cases': 25}, {'district': <District.Puttalam: 'Puttalam'>, 'cases': 6}, {'district': <District.Anuradhapura: 'Anuradhapura'>, 'cases': 2}, {'district': <District.Polonnaruwa: 'Polonnaruwa'>, 'cases': 2}, {'district': <District.Badulla: 'Badulla'>, 'cases': 8}, {'district': <District.Moneragala: 'Moneragala'>, 'cases': 1}, {'district': <District.Ratnapura: 'Ratnapura'>, 'cases': 14}, {'district': <District.Kegalle: 'Kegalle'>, 'cases': 9}, {'district': <District.Kalmunai: 'Kalmunai'>, 'cases': 2}]"
2011-06-25,2011-07-01,692,"[{'district': <District.Colombo: 'Colombo'>, 'cases': 306}, {'district': <District.Gampaha: 'Gampaha'>, 'cases': 91}, {'district': <District.Kalutara: 'Kalutara'>, 'cases': 46}, {'district': <District.Kandy: 'Kandy'>, 'cases': 28}, {'district': <District.Matale: 'Matale'>, 'cases': 15}, {'district': <District.Nuwara_Eliya: 'Nuwara Eliya'>, 'cases': 5}, {'district': <District.Galle: 'Galle'>, 'cases': 28}, {'district': <District.Hambantota: 'Hambantota'>, 'cases': 9}, {'district': <District.Matara: 'Matara'>, 'cases': 10}, {'district': <District.Jaffna: 'Jaffna'>, 'cases': 4}, {'district': <District.Kilinochchi: 'Kilinochchi'>, 'cases': 0}, {'district': <District.Mannar: 'Mannar'>, 'cases': 1}, {'district': <District.Vavuniya: 'Vavuniya'>, 'cases': 2}, {'district': <District.Mullaitivu: 'Mullaitivu'>, 'cases': 3}, {'district': <District.Batticaloa: 'Batticaloa'>, 'cases': 19}, {'district': <District.Ampara: 'Ampara'>, 'cases': 1}, {'district': <District.Trincomalee: 'Trincomalee'>, 'cases': 4}, {'district': <District.Kurunegala: 'Kurunegala'>, 'cases': 24}, {'district': <District.Puttalam: 'Puttalam'>, 'cases': 4}, {'district': <District.Anuradhapura: 'Anuradhapura'>, 'cases': 15}, {'district': <District.Polonnaruwa: 'Polonnaruwa'>, 'cases': 6}, {'district': <District.Badulla: 'Badulla'>, 'cases': 11}, {'district': <District.Moneragala: 'Moneragala'>, 'cases': 7}, {'district': <District.Ratnapura: 'Ratnapura'>, 'cases': 11}, {'district': <District.Kegalle: 'Kegalle'>, 'cases': 42}, {'district': <District.Kalmunai: 'Kalmunai'>, 'cases': 0}]"
2017-11-28,2017-12-03,1887,"[{'district': <District.Colombo: 'Colombo'>, 'cases': 221}, {'district': <District.Gampaha: 'Gampaha'>, 'cases': 238}, {'district': <District.Kalutara: 'Kalutara'>, 'cases': 99}, {'district': <District.Kandy: 'Kandy'>, 'cases': 196}, {'district': <District.Matale: 'Matale'>, 'cases': 60}, {'district': <District.Nuwara_Eliya: 'Nuwara Eliya'>, 'cases': 8}, {'district': <District.Galle: 'Galle'>, 'cases': 51}, {'district': <District.Hambantota: 'Hambantota'>, 'cases': 36}, {'district': <District.Matara: 'Matara'>, 'cases': 38}, {'district': <District.Jaffna: 'Jaffna'>, 'cases': 183}, {'district': <District.Kilinochchi: 'Kilinochchi'>, 'cases': 4}, {'district': <District.Mannar: 'Mannar'>, 'cases': 1}, {'district': <District.Vavuniya: 'Vavuniya'>, 'cases': 17}, {'district': <District.Mullaitivu: 'Mullaitivu'>, 'cases': 6}, {'district': <District.Batticaloa: 'Batticaloa'>, 'cases': 35}, {'district': <District.Ampara: 'Ampara'>, 'cases': 10}, {'district': <District.Trincomalee: 'Trincomalee'>, 'cases': 21}, {'district': <District.Kurunegala: 'Kurunegala'>, 'cases': 138}, {'district': <District.Puttalam: 'Puttalam'>, 'cases': 143}, {'district': <District.Anuradhapura: 'Anuradhapura'>, 'cases': 25}, {'district': <District.Polonnaruwa: 'Polonnaruwa'>, 'cases': 16}, {'district': <District.Badulla: 'Badulla'>, 'cases': 28}, {'district': <District.Moneragala: 'Moneragala'>, 'cases': 147}, {'district': <District.Ratnapura: 'Ratnapura'>, 'cases': 50}, {'district': <District.Kegalle: 'Kegalle'>, 'cases': 63}, {'district': <District.Kalmunai: 'Kalmunai'>, 'cases': 53}]"
2022-09-17,2022-09-23,53,"[{'district': <District.Colombo: 'Colombo'>, 'cases': 21}, {'district': <District.Gampaha: 'Gampaha'>, 'cases': 9}, {'district': <District.Kalutara: 'Kalutara'>, 'cases': 23}, {'district': <District.Kandy: 'Kandy'>, 'cases': 0}, {'district': <District.Matale: 'Matale'>, 'cases': 0}, {'district': <District.Nuwara_Eliya: 'Nuwara Eliya'>, 'cases': 0}, {'district': <District.Galle: 'Galle'>, 'cases': 0}, {'district': <District.Hambantota: 'Hambantota'>, 'cases': 0}, {'district': <District.Matara: 'Matara'>, 'cases': 0}, {'district': <District.Jaffna: 'Jaffna'>, 'cases': 0}, {'district': <District.Kilinochchi: 'Kilinochchi'>, 'cases': 0}, {'district': <District.Mannar: 'Mannar'>, 'cases': 0}, {'district': <District.Vavuniya: 'Vavuniya'>, 'cases': 0}, {'district': <District.Mullaitivu: 'Mullaitivu'>, 'cases': 0}, {'district': <District.Batticaloa: 'Batticaloa'>, 'cases': 0}, {'district': <District.Ampara: 'Ampara'>, 'cases': 0}, {'district': <District.Trincomalee: 'Trincomalee'>, 'cases': 0}, {'district': <District.Kurunegala: 'Kurunegala'>, 'cases': 0}, {'district': <District.Puttalam: 'Puttalam'>, 'cases': 0}, {'district': <District.Anuradhapura: 'Anuradhapura'>, 'cases': 0}, {'district': <District.Polonnaruwa: 'Polonnaruwa'>, 'cases': 0}, {'district': <District.Badulla: 'Badulla'>, 'cases': 0}, {'district': <District.Moneragala: 'Moneragala'>, 'cases': 0}, {'district': <District.Ratnapura: 'Ratnapura'>, 'cases': 0}, {'district': <District.Kegalle: 'Kegalle'>, 'cases': 0}, {'district': <District.Kalmunai: 'Kalmunai'>, 'cases': 0}]"
2023-03-11,2023-03-17,958,"[{'district': <District.Colombo: 'Colombo'>, 'cases': 161}, {'district': <District.Gampaha: 'Gampaha'>, 'cases': 136}, {'district': <District.Kalutara: 'Kalutara'>, 'cases': 49}, {'district': <District.Kandy: 'Kandy'>, 'cases': 71}, {'district': <District.Matale: 'Matale'>, 'cases': 21}, {'district': <District.Nuwara_Eliya: 'Nuwara Eliya'>, 'cases': 1}, {'district': <District.Galle: 'Galle'>, 'cases': 46}, {'district': <District.Hambantota: 'Hambantota'>, 'cases': 22}, {'district': <District.Matara: 'Matara'>, 'cases': 35}, {'district': <District.Jaffna: 'Jaffna'>, 'cases': 48}, {'district': <District.Kilinochchi: 'Kilinochchi'>, 'cases': 3}, {'district': <District.Mannar: 'Mannar'>, 'cases': 0}, {'district': <District.Vavuniya: 'Vavuniya'>, 'cases': 11}, {'district': <District.Mullaitivu: 'Mullaitivu'>, 'cases': 1}, {'district': <District.Batticaloa: 'Batticaloa'>, 'cases': 53}, {'district': <District.Ampara: 'Ampara'>, 'cases': 0}, {'district': <District.Trincomalee: 'Trincomalee'>, 'cases': 41}, {'district': <District.Kurunegala: 'Kurunegala'>, 'cases': 53}, {'district': <District.Puttalam: 'Puttalam'>, 'cases': 61}, {'district': <District.Anuradhapura: 'Anuradhapura'>, 'cases': 15}, {'district': <District.Polonnaruwa: 'Polonnaruwa'>, 'cases': 4}, {'district': <District.Badulla: 'Badulla'>, 'cases': 24}, {'district': <District.Moneragala: 'Moneragala'>, 'cases': 3}, {'district': <District.Ratnapura: 'Ratnapura'>, 'cases': 37}, {'district': <District.Kegalle: 'Kegalle'>, 'cases': 31}, {'district': <District.Kalmunai: 'Kalmunai'>, 'cases': 31}]"
2020-12-19,2020-12-25,385,"[{'district': <District.Colombo: 'Colombo'>, 'cases': 39}, {'district': <District.Gampaha: 'Gampaha'>, 'cases': 13}, {'district': <District.Kalutara: 'Kalutara'>, 'cases': 13}, {'district': <District.Kandy: 'Kandy'>, 'cases': 17}, {'district': <District.Matale: 'Matale'>, 'cases': 2}, {'district': <District.Nuwara_Eliya: 'Nuwara Eliya'>, 'cases': 0}, {'district': <District.Galle: 'Galle'>, 'cases': 0}, {'district': <District.Hambantota: 'Hambantota'>, 'cases': 2}, {'district': <District.Matara: 'Matara'>, 'cases': 2}, {'district': <District.Jaffna: 'Jaffna'>, 'cases': 11}, {'district': <District.Kilinochchi: 'Kilinochchi'>, 'cases': 0}, {'district': <District.Mannar: 'Mannar'>, 'cases': 1}, {'district': <District.Vavuniya: 'Vavuniya'>, 'cases': 0}, {'district': <District.Mullaitivu: 'Mullaitivu'>, 'cases': 1}, {'district': <District.Batticaloa: 'Batticaloa'>, 'cases': 248}, {'district': <District.Ampara: 'Ampara'>, 'cases': 0}, {'district': <District.Trincomalee: 'Trincomalee'>, 'cases': 2}, {'district': <District.Kurunegala: 'Kurunegala'>, 'cases': 11}, {'district': <District.Puttalam: 'Puttalam'>, 'cases': 4}, {'district': <District.Anuradhapura: 'Anuradhapura'>, 'cases': 1}, {'district': <District.Polonnaruwa: 'Polonnaruwa'>, 'cases': 0}, {'district': <District.Badulla: 'Badulla'>, 'cases': 5}, {'district': <District.Moneragala: 'Moneragala'>, 'cases': 0}, {'district': <District.Ratnapura: 'Ratnapura'>, 'cases': 6}, {'district': <District.Kegalle: 'Kegalle'>, 'cases': 7}, {'district': <District.Kalmunai: 'Kalmunai'>, 'cases': 0}]"
2020-08-29,2020-09-04,358,"[{'district': <District.Colombo: 'Colombo'>, 'cases': 71}, {'district': <District.Gampaha: 'Gampaha'>, 'cases': 50}, {'district': <District.Kalutara: 'Kalutara'>, 'cases': 23}, {'district': <District.Kandy: 'Kandy'>, 'cases': 89}, {'district': <District.Matale: 'Matale'>, 'cases': 8}, {'district': <District.Nuwara_Eliya: 'Nuwara Eliya'>, 'cases': 2}, {'district': <District.Galle: 'Galle'>, 'cases': 9}, {'district': <District.Hambantota: 'Hambantota'>, 'cases': 1}, {'district': <District.Matara: 'Matara'>, 'cases': 2}, {'district': <District.Jaffna: 'Jaffna'>, 'cases': 6}, {'district': <District.Kilinochchi: 'Kilinochchi'>, 'cases': 0}, {'district': <District.Mannar: 'Mannar'>, 'cases': 0}, {'district': <District.Vavuniya: 'Vavuniya'>, 'cases': 0}, {'district': <District.Mullaitivu: 'Mullaitivu'>, 'cases': 1}, {'district': <District.Batticaloa: 'Batticaloa'>, 'cases': 11}, {'district': <District.Ampara: 'Ampara'>, 'cases': 1}, {'district': <District.Trincomalee: 'Trincomalee'>, 'cases': 2}, {'district': <District.Kurunegala: 'Kurunegala'>, 'cases': 14}, {'district': <District.Puttalam: 'Puttalam'>, 'cases': 7}, {'district': <District.Anuradhapura: 'Anuradhapura'>, 'cases': 2}, {'district': <District.Polonnaruwa: 'Polonnaruwa'>, 'cases': 1}, {'district': <District.Badulla: 'Badulla'>, 'cases': 0}, {'district': <District.Moneragala: 'Moneragala'>, 'cases': 0}, {'district': <District.Ratnapura: 'Ratnapura'>, 'cases': 34}, {'district': <District.Kegalle: 'Kegalle'>, 'cases': 17}, {'district': <District.Kalmunai: 'Kalmunai'>, 'cases': 7}]"
2013-06-01,2013-06-07,409,"[{'district': <District.Colombo: 'Colombo'>, 'cases': 94}, {'district': <District.Gampaha: 'Gampaha'>, 'cases': 42}, {'district': <District.Kalutara: 'Kalutara'>, 'cases': 41}, {'district': <District.Kandy: 'Kandy'>, 'cases': 30}, {'district': <District.Matale: 'Matale'>, 'cases': 3}, {'district': <District.Nuwara_Eliya: 'Nuwara Eliya'>, 'cases': 1}, {'district': <District.Galle: 'Galle'>, 'cases': 17}, {'district': <District.Hambantota: 'Hambantota'>, 'cases': 4}, {'district': <District.Matara: 'Matara'>, 'cases': 9}, {'district': <District.Jaffna: 'Jaffna'>, 'cases': 12}, {'district': <District.Kilinochchi: 'Kilinochchi'>, 'cases': 1}, {'district': <District.Mannar: 'Mannar'>, 'cases': 1}, {'district': <District.Vavuniya: 'Vavuniya'>, 'cases': 1}, {'district': <District.Mullaitivu: 'Mullaitivu'>, 'cases': 4}, {'district': <District.Batticaloa: 'Batticaloa'>, 'cases': 19}, {'district': <District.Ampara: 'Ampara'>, 'cases': 3}, {'district': <District.Trincomalee: 'Trincomalee'>, 'cases': 5}, {'district': <District.Kurunegala: 'Kurunegala'>, 'cases': 36}, {'district': <District.Puttalam: 'Puttalam'>, 'cases': 9}, {'district': <District.Anuradhapura: 'Anuradhapura'>, 'cases': 3}, {'district': <District.Polonnaruwa: 'Polonnaruwa'>, 'cases': 6}, {'district': <District.Badulla: 'Badulla'>, 'cases': 2}, {'district': <District.Moneragala: 'Moneragala'>, 'cases': 2}, {'district': <District.Ratnapura: 'Ratnapura'>, 'cases': 40}, {'district': <District.Kegalle: 'Kegalle'>, 'cases': 16}, {'district': <District.Kalmunai: 'Kalmunai'>, 'cases': 8}]"
2024-10-05,2024-10-11,707,"[{'district': <District.Colombo: 'Colombo'>, 'cases': 172}, {'district': <District.Gampaha: 'Gampaha'>, 'cases': 120}, {'district': <District.Kalutara: 'Kalutara'>, 'cases': 44}, {'district': <District.Kandy: 'Kandy'>, 'cases': 59}, {'district': <District.Matale: 'Matale'>, 'cases': 32}, {'district': <District.Nuwara_Eliya: 'Nuwara Eliya'>, 'cases': 4}, {'district': <District.Galle: 'Galle'>, 'cases': 35}, {'district': <District.Hambantota: 'Hambantota'>, 'cases': 11}, {'district': <District.Matara: 'Matara'>, 'cases': 46}, {'district': <District.Jaffna: 'Jaffna'>, 'cases': 10}, {'district': <District.Kilinochchi: 'Kilinochchi'>, 'cases': 0}, {'district': <District.Mannar: 'Mannar'>, 'cases': 2}, {'district': <District.Vavuniya: 'Vavuniya'>, 'cases': 1}, {'district': <District.Mullaitivu: 'Mullaitivu'>, 'cases': 1}, {'district': <District.Batticaloa: 'Batticaloa'>, 'cases': 10}, {'district': <District.Ampara: 'Ampara'>, 'cases': 4}, {'district': <District.Trincomalee: 'Trincomalee'>, 'cases': 5}, {'district': <District.Kurunegala: 'Kurunegala'>, 'cases': 16}, {'district': <District.Puttalam: 'Puttalam'>, 'cases': 11}, {'district': <District.Anuradhapura: 'Anuradhapura'>, 'cases': 10}, {'district': <District.Polonnaruwa: 'Polonnaruwa'>, 'cases': 10}, {'district': <District.Badulla: 'Badulla'>, 'cases': 9}, {'district': <District.Moneragala: 'Moneragala'>, 'cases': 34}, {'district': <District.Ratnapura: 'Ratnapura'>, 'cases': 45}, {'district': <District.Kegalle: 'Kegalle'>, 'cases': 13}, {'district': <District.Kalmunai: 'Kalmunai'>, 'cases': 3}]"
2025-05-03,2025-05-09,125,"[{'district': <District.Colombo: 'Colombo'>, 'cases': 310}, {'district': <District.Gampaha: 'Gampaha'>, 'cases': 194}, {'district': <District.Kalutara: 'Kalutara'>, 'cases': 63}, {'district': <District.Kandy: 'Kandy'>, 'cases': 77}, {'district': <District.Matale: 'Matale'>, 'cases': 23}, {'district': <District.Nuwara_Eliya: 'Nuwara Eliya'>, 'cases': 7}, {'district': <District.Galle: 'Galle'>, 'cases': 32}, {'district': <District.Hambantota: 'Hambantota'>, 'cases': 16}, {'district': <District.Matara: 'Matara'>, 'cases': 17}, {'district': <District.Jaffna: 'Jaffna'>, 'cases': 18}, {'district': <District.Kilinochchi: 'Kilinochchi'>, 'cases': 1}, {'district': <District.Mannar: 'Mannar'>, 'cases': 1}, {'district': <District.Vavuniya: 'Vavuniya'>, 'cases': 0}, {'district': <District.Mullaitivu: 'Mullaitivu'>, 'cases': 1}, {'district': <District.Batticaloa: 'Batticaloa'>, 'cases': 59}, {'district': <District.Ampara: 'Ampara'>, 'cases': 4}, {'district': <District.Trincomalee: 'Trincomalee'>, 'cases': 55}, {'district': <District.Kurunegala: 'Kurunegala'>, 'cases': 30}, {'district': <District.Puttalam: 'Puttalam'>, 'cases': 12}, {'district': <District.Anuradhapura: 'Anuradhapura'>, 'cases': 11}, {'district': <District.Polonnaruwa: 'Polonnaruwa'>, 'cases': 10}, {'district': <District.Badulla: 'Badulla'>, 'cases': 7}, {'district': <District.Moneragala: 'Moneragala'>, 'cases': 10}, {'district': <District.Ratnapura: 'Ratnapura'>, 'cases': 242}, {'district': <District.Kegalle: 'Kegalle'>, 'cases': 43}, {'district': <District.Kalmunai: 'Kalmunai'>, 'cases': 13}]"
2023-09-16,2023-09-22,702,"[{'district': <District.Colombo: 'Colombo'>, 'cases': 90}, {'district': <District.Gampaha: 'Gampaha'>, 'cases': 81}, {'district': <District.Kalutara: 'Kalutara'>, 'cases': 57}, {'district': <District.Kandy: 'Kandy'>, 'cases': 125}, {'district': <District.Matale: 'Matale'>, 'cases': 20}, {'district': <District.Nuwara_Eliya: 'Nuwara Eliya'>, 'cases': 5}, {'district': <District.Galle: 'Galle'>, 'cases': 56}, {'district': <District.Hambantota: 'Hambantota'>, 'cases': 11}, {'district': <District.Matara: 'Matara'>, 'cases': 33}, {'district': <District.Jaffna: 'Jaffna'>, 'cases': 34}, {'district': <District.Kilinochchi: 'Kilinochchi'>, 'cases': 0}, {'district': <District.Mannar: 'Mannar'>, 'cases': 2}, {'district': <District.Vavuniya: 'Vavuniya'>, 'cases': 3}, {'district': <District.Mullaitivu: 'Mullaitivu'>, 'cases': 1}, {'district': <District.Batticaloa: 'Batticaloa'>, 'cases': 10}, {'district': <District.Ampara: 'Ampara'>, 'cases': 2}, {'district': <District.Trincomalee: 'Trincomalee'>, 'cases': 2}, {'district': <District.Kurunegala: 'Kurunegala'>, 'cases': 38}, {'district': <District.Puttalam: 'Puttalam'>, 'cases': 8}, {'district': <District.Anuradhapura: 'Anuradhapura'>, 'cases': 8}, {'district': <District.Polonnaruwa: 'Polonnaruwa'>, 'cases': 7}, {'district': <District.Badulla: 'Badulla'>, 'cases': 13}, {'district': <District.Moneragala: 'Moneragala'>, 'cases': 10}, {'district': <District.Ratnapura: 'Ratnapura'>, 'cases': 27}, {'district': <District.Kegalle: 'Kegalle'>, 'cases': 55}, {'district': <District.Kalmunai: 'Kalmunai'>, 'cases': 4}]"
2012-01-21,2012-01-27,779,"[{'district': <District.Colombo: 'Colombo'>, 'cases': 232}, {'district': <District.Gampaha: 'Gampaha'>, 'cases': 124}, {'district': <District.Kalutara: 'Kalutara'>, 'cases': 33}, {'district': <District.Kandy: 'Kandy'>, 'cases': 41}, {'district': <District.Matale: 'Matale'>, 'cases': 9}, {'district': <District.Nuwara_Eliya: 'Nuwara Eliya'>, 'cases': 5}, {'district': <District.Galle: 'Galle'>, 'cases': 17}, {'district': <District.Hambantota: 'Hambantota'>, 'cases': 13}, {'district': <District.Matara: 'Matara'>, 'cases': 52}, {'district': <District.Jaffna: 'Jaffna'>, 'cases': 32}, {'district': <District.Kilinochchi: 'Kilinochchi'>, 'cases': 0}, {'district': <District.Mannar: 'Mannar'>, 'cases': 5}, {'district': <District.Vavuniya: 'Vavuniya'>, 'cases': 10}, {'district': <District.Mullaitivu: 'Mullaitivu'>, 'cases': 0}, {'district': <District.Batticaloa: 'Batticaloa'>, 'cases': 62}, {'district': <District.Ampara: 'Ampara'>, 'cases': 3}, {'district': <District.Trincomalee: 'Trincomalee'>, 'cases': 7}, {'district': <District.Kurunegala: 'Kurunegala'>, 'cases': 27}, {'district': <District.Puttalam: 'Puttalam'>, 'cases': 28}, {'district': <District.Anuradhapura: 'Anuradhapura'>, 'cases': 6}, {'district': <District.Polonnaruwa: 'Polonnaruwa'>, 'cases': 10}, {'district': <District.Badulla: 'Badulla'>, 'cases': 6}, {'district': <District.Moneragala: 'Moneragala'>, 'cases': 5}, {'district': <District.Ratnapura: 'Ratnapura'>, 'cases': 12}, {'district': <District.Kegalle: 'Kegalle'>, 'cases': 34}, {'district': <District.Kalmunai: 'Kalmunai'>, 'cases': 6}]"
2016-02-20,2016-02-26,740,"[{'district': <District.Colombo: 'Colombo'>, 'cases': 254}, {'district': <District.Gampaha: 'Gampaha'>, 'cases': 65}, {'district': <District.Kalutara: 'Kalutara'>, 'cases': 58}, {'district': <District.Kandy: 'Kandy'>, 'cases': 23}, {'district': <District.Matale: 'Matale'>, 'cases': 5}, {'district': <District.Nuwara_Eliya: 'Nuwara Eliya'>, 'cases': 3}, {'district': <District.Galle: 'Galle'>, 'cases': 28}, {'district': <District.Hambantota: 'Hambantota'>, 'cases': 13}, {'district': <District.Matara: 'Matara'>, 'cases': 31}, {'district': <District.Jaffna: 'Jaffna'>, 'cases': 65}, {'district': <District.Kilinochchi: 'Kilinochchi'>, 'cases': 4}, {'district': <District.Mannar: 'Mannar'>, 'cases': 6}, {'district': <District.Vavuniya: 'Vavuniya'>, 'cases': 8}, {'district': <District.Mullaitivu: 'Mullaitivu'>, 'cases': 1}, {'district': <District.Batticaloa: 'Batticaloa'>, 'cases': 17}, {'district': <District.Ampara: 'Ampara'>, 'cases': 1}, {'district': <District.Trincomalee: 'Trincomalee'>, 'cases': 14}, {'district': <District.Kurunegala: 'Kurunegala'>, 'cases': 35}, {'district': <District.Puttalam: 'Puttalam'>, 'cases': 17}, {'district': <District.Anuradhapura: 'Anuradhapura'>, 'cases': 3}, {'district': <District.Polonnaruwa: 'Polonnaruwa'>, 'cases': 1}, {'district': <District.Badulla: 'Badulla'>, 'cases': 12}, {'district': <District.Moneragala: 'Moneragala'>, 'cases': 3}, {'district': <District.Ratnapura: 'Ratnapura'>, 'cases': 25}, {'district': <District.Kegalle: 'Kegalle'>, 'cases': 34}, {'district': <District.Kalmunai: 'Kalmunai'>, 'cases': 14}]"
2009-07-25,2009-07-31,928,"[{'district': <District.Colombo: 'Colombo'>, 'cases': 163}, {'district': <District.Gampaha: 'Gampaha'>, 'cases': 71}, {'district': <District.Kalutara: 'Kalutara'>, 'cases': 21}, {'district': <District.Kandy: 'Kandy'>, 'cases': 141}, {'district': <District.Matale: 'Matale'>, 'cases': 92}, {'district': <District.Nuwara_Eliya: 'Nuwara Eliya'>, 'cases': 20}, {'district': <District.Galle: 'Galle'>, 'cases': 16}, {'district': <District.Hambantota: 'Hambantota'>, 'cases': 27}, {'district': <District.Matara: 'Matara'>, 'cases': 66}, {'district': <District.Jaffna: 'Jaffna'>, 'cases': 0}, {'district': <District.Kilinochchi: 'Kilinochchi'>, 'cases': 0}, {'district': <District.Mannar: 'Mannar'>, 'cases': 0}, {'district': <District.Vavuniya: 'Vavuniya'>, 'cases': 0}, {'district': <District.Mullaitivu: 'Mullaitivu'>, 'cases': 0}, {'district': <District.Batticaloa: 'Batticaloa'>, 'cases': 19}, {'district': <District.Ampara: 'Ampara'>, 'cases': 1}, {'district': <District.Trincomalee: 'Trincomalee'>, 'cases': 0}, {'district': <District.Kurunegala: 'Kurunegala'>, 'cases': 66}, {'district': <District.Puttalam: 'Puttalam'>, 'cases': 14}, {'district': <District.Anuradhapura: 'Anuradhapura'>, 'cases': 5}, {'district': <District.Polonnaruwa: 'Polonnaruwa'>, 'cases': 5}, {'district': <District.Badulla: 'Badulla'>, 'cases': 8}, {'district': <District.Moneragala: 'Moneragala'>, 'cases': 5}, {'district': <District.Ratnapura: 'Ratnapura'>, 'cases': 85}, {'district': <District.Kegalle: 'Kegalle'>, 'cases': 100}, {'district': <District.Kalmunai: 'Kalmunai'>, 'cases': 3}]"
2017-08-19,2017-08-25,4812,"[{'district': <District.Colombo: 'Colombo'>, 'cases': 674}, {'district': <District.Gampaha: 'Gampaha'>, 'cases': 683}, {'district': <District.Kalutara: 'Kalutara'>, 'cases': 295}, {'district': <District.Kandy: 'Kandy'>, 'cases': 518}, {'district': <District.Matale: 'Matale'>, 'cases': 148}, {'district': <District.Nuwara_Eliya: 'Nuwara Eliya'>, 'cases': 40}, {'district': <District.Galle: 'Galle'>, 'cases': 229}, {'district': <District.Hambantota: 'Hambantota'>, 'cases': 63}, {'district': <District.Matara: 'Matara'>, 'cases': 233}, {'district': <District.Jaffna: 'Jaffna'>, 'cases': 88}, {'district': <District.Kilinochchi: 'Kilinochchi'>, 'cases': 11}, {'district': <District.Mannar: 'Mannar'>, 'cases': 1}, {'district': <District.Vavuniya: 'Vavuniya'>, 'cases': 9}, {'district': <District.Mullaitivu: 'Mullaitivu'>, 'cases': 2}, {'district': <District.Batticaloa: 'Batticaloa'>, 'cases': 51}, {'district': <District.Ampara: 'Ampara'>, 'cases': 17}, {'district': <District.Trincomalee: 'Trincomalee'>, 'cases': 15}, {'district': <District.Kurunegala: 'Kurunegala'>, 'cases': 341}, {'district': <District.Puttalam: 'Puttalam'>, 'cases': 311}, {'district': <District.Anuradhapura: 'Anuradhapura'>, 'cases': 57}, {'district': <District.Polonnaruwa: 'Polonnaruwa'>, 'cases': 23}, {'district': <District.Badulla: 'Badulla'>, 'cases': 102}, {'district': <District.Moneragala: 'Moneragala'>, 'cases': 113}, {'district': <District.Ratnapura: 'Ratnapura'>, 'cases': 339}, {'district': <District.Kegalle: 'Kegalle'>, 'cases': 419}, {'district': <District.Kalmunai: 'Kalmunai'>, 'cases': 30}]"
2008-06-21,2008-06-27,63,"[{'district': <District.Colombo: 'Colombo'>, 'cases': 19}, {'district': <District.Gampaha: 'Gampaha'>, 'cases': 9}, {'district': <District.Kalutara: 'Kalutara'>, 'cases': 3}, {'district': <District.Kandy: 'Kandy'>, 'cases': 5}, {'district': <District.Matale: 'Matale'>, 'cases': 3}, {'district': <District.Nuwara_Eliya: 'Nuwara Eliya'>, 'cases': 0}, {'district': <District.Galle: 'Galle'>, 'cases': 1}, {'district': <District.Hambantota: 'Hambantota'>, 'cases': 0}, {'district': <District.Matara: 'Matara'>, 'cases': 4}, {'district': <District.Jaffna: 'Jaffna'>, 'cases': 0}, {'district': <District.Kilinochchi: 'Kilinochchi'>, 'cases': 0}, {'district': <District.Mannar: 'Mannar'>, 'cases': 1}, {'district': <District.Vavuniya: 'Vavuniya'>, 'cases': 0}, {'district': <District.Mullaitivu: 'Mullaitivu'>, 'cases': 0}, {'district': <District.Batticaloa: 'Batticaloa'>, 'cases': 0}, {'district': <District.Ampara: 'Ampara'>, 'cases': 0}, {'district': <District.Trincomalee: 'Trincomalee'>, 'cases': 1}, {'district': <District.Kurunegala: 'Kurunegala'>, 'cases': 2}, {'district': <District.Puttalam: 'Puttalam'>, 'cases': 2}, {'district': <District.Anuradhapura: 'Anuradhapura'>, 'cases': 1}, {'district': <District.Polonnaruwa: 'Polonnaruwa'>, 'cases': 2}, {'district': <District.Badulla: 'Badulla'>, 'cases': 2}, {'district': <District.Moneragala: 'Moneragala'>, 'cases': 0}, {'district': <District.Ratnapura: 'Ratnapura'>, 'cases': 0}, {'district': <District.Kegalle: 'Kegalle'>, 'cases': 8}, {'district': <District.Kalmunai: 'Kalmunai'>, 'cases': 0}]"
2020-11-07,2020-11-13,189,"[{'district': <District.Colombo: 'Colombo'>, 'cases': 14}, {'district': <District.Gampaha: 'Gampaha'>, 'cases': 6}, {'district': <District.Kalutara: 'Kalutara'>, 'cases': 5}, {'district': <District.Kandy: 'Kandy'>, 'cases': 34}, {'district': <District.Matale: 'Matale'>, 'cases': 6}, {'district': <District.Nuwara_Eliya: 'Nuwara Eliya'>, 'cases': 0}, {'district': <District.Galle: 'Galle'>, 'cases': 2}, {'district': <District.Hambantota: 'Hambantota'>, 'cases': 1}, {'district': <District.Matara: 'Matara'>, 'cases': 9}, {'district': <District.Jaffna: 'Jaffna'>, 'cases': 8}, {'district': <District.Kilinochchi: 'Kilinochchi'>, 'cases': 2}, {'district': <District.Mannar: 'Mannar'>, 'cases': 0}, {'district': <District.Vavuniya: 'Vavuniya'>, 'cases': 0}, {'district': <District.Mullaitivu: 'Mullaitivu'>, 'cases': 0}, {'district': <District.Batticaloa: 'Batticaloa'>, 'cases': 59}, {'district': <District.Ampara: 'Ampara'>, 'cases': 3}, {'district': <District.Trincomalee: 'Trincomalee'>, 'cases': 0}, {'district': <District.Kurunegala: 'Kurunegala'>, 'cases': 1}, {'district': <District.Puttalam: 'Puttalam'>, 'cases': 4}, {'district': <District.Anuradhapura: 'Anuradhapura'>, 'cases': 1}, {'district': <District.Polonnaruwa: 'Polonnaruwa'>, 'cases': 1}, {'district': <District.Badulla: 'Badulla'>, 'cases': 4}, {'district': <District.Moneragala: 'Moneragala'>, 'cases': 0}, {'district': <District.Ratnapura: 'Ratnapura'>, 'cases': 18}, {'district': <District.Kegalle: 'Kegalle'>, 'cases': 9}, {'district': <District.Kalmunai: 'Kalmunai'>, 'cases': 2}]"
2007-01-20,2007-01-26,144,"[{'district': <District.Colombo: 'Colombo'>, 'cases': 52}, {'district': <District.Gampaha: 'Gampaha'>, 'cases': 12}, {'district': <District.Kalutara: 'Kalutara'>, 'cases': 15}, {'district': <District.Kandy: 'Kandy'>, 'cases': 17}, {'district': <District.Matale: 'Matale'>, 'cases': 4}, {'district': <District.Nuwara_Eliya: 'Nuwara Eliya'>, 'cases': 3}, {'district': <District.Galle: 'Galle'>, 'cases': 3}, {'district': <District.Hambantota: 'Hambantota'>, 'cases': 1}, {'district': <District.Matara: 'Matara'>, 'cases': 4}, {'district': <District.Jaffna: 'Jaffna'>, 'cases': 0}, {'district': <District.Kilinochchi: 'Kilinochchi'>, 'cases': 0}, {'district': <District.Mannar: 'Mannar'>, 'cases': 0}, {'district': <District.Vavuniya: 'Vavuniya'>, 'cases': 2}, {'district': <District.Mullaitivu: 'Mullaitivu'>, 'cases': 0}, {'district': <District.Batticaloa: 'Batticaloa'>, 'cases': 0}, {'district': <District.Ampara: 'Ampara'>, 'cases': 0}, {'district': <District.Trincomalee: 'Trincomalee'>, 'cases': 2}, {'district': <District.Kurunegala: 'Kurunegala'>, 'cases': 6}, {'district': <District.Puttalam: 'Puttalam'>, 'cases': 8}, {'district': <District.Anuradhapura: 'Anuradhapura'>, 'cases': 2}, {'district': <District.Polonnaruwa: 'Polonnaruwa'>, 'cases': 2}, {'district': <District.Badulla: 'Badulla'>, 'cases': 1}, {'district': <District.Moneragala: 'Moneragala'>, 'cases': 3}, {'district': <District.Ratnapura: 'Ratnapura'>, 'cases': 2}, {'district': <District.Kegalle: 'Kegalle'>, 'cases': 5}, {'district': <District.Kalmunai: 'Kalmunai'>, 'cases': 0}]"
2010-03-27,2010-04-02,226,"[{'district': <District.Colombo: 'Colombo'>, 'cases': 43}, {'district': <District.Gampaha: 'Gampaha'>, 'cases': 23}, {'district': <District.Kalutara: 'Kalutara'>, 'cases': 3}, {'district': <District.Kandy: 'Kandy'>, 'cases': 10}, {'district': <District.Matale: 'Matale'>, 'cases': 2}, {'district': <District.Nuwara_Eliya: 'Nuwara Eliya'>, 'cases': 5}, {'district': <District.Galle: 'Galle'>, 'cases': 13}, {'district': <District.Hambantota: 'Hambantota'>, 'cases': 8}, {'district': <District.Matara: 'Matara'>, 'cases': 6}, {'district': <District.Jaffna: 'Jaffna'>, 'cases': 3}, {'district': <District.Kilinochchi: 'Kilinochchi'>, 'cases': 0}, {'district': <District.Mannar: 'Mannar'>, 'cases': 3}, {'district': <District.Vavuniya: 'Vavuniya'>, 'cases': 5}, {'district': <District.Mullaitivu: 'Mullaitivu'>, 'cases': 0}, {'district': <District.Batticaloa: 'Batticaloa'>, 'cases': 26}, {'district': <District.Ampara: 'Ampara'>, 'cases': 1}, {'district': <District.Trincomalee: 'Trincomalee'>, 'cases': 9}, {'district': <District.Kurunegala: 'Kurunegala'>, 'cases': 11}, {'district': <District.Puttalam: 'Puttalam'>, 'cases': 2}, {'district': <District.Anuradhapura: 'Anuradhapura'>, 'cases': 5}, {'district': <District.Polonnaruwa: 'Polonnaruwa'>, 'cases': 9}, {'district': <District.Badulla: 'Badulla'>, 'cases': 6}, {'district': <District.Moneragala: 'Moneragala'>, 'cases': 3}, {'district': <District.Ratnapura: 'Ratnapura'>, 'cases': 17}, {'district': <District.Kegalle: 'Kegalle'>, 'cases': 1}, {'district': <District.Kalmunai: 'Kalmunai'>, 'cases': 12}]"
2018-04-14,2018-04-20,509,"[{'district': <District.Colombo: 'Colombo'>, 'cases': 72}, {'district': <District.Gampaha: 'Gampaha'>, 'cases': 44}, {'district': <District.Kalutara: 'Kalutara'>, 'cases': 16}, {'district': <District.Kandy: 'Kandy'>, 'cases': 33}, {'district': <District.Matale: 'Matale'>, 'cases': 8}, {'district': <District.Nuwara_Eliya: 'Nuwara Eliya'>, 'cases': 6}, {'district': <District.Galle: 'Galle'>, 'cases': 13}, {'district': <District.Hambantota: 'Hambantota'>, 'cases': 6}, {'district': <District.Matara: 'Matara'>, 'cases': 8}, {'district': <District.Jaffna: 'Jaffna'>, 'cases': 20}, {'district': <District.Kilinochchi: 'Kilinochchi'>, 'cases': 3}, {'district': <District.Mannar: 'Mannar'>, 'cases': 1}, {'district': <District.Vavuniya: 'Vavuniya'>, 'cases': 2}, {'district': <District.Mullaitivu: 'Mullaitivu'>, 'cases': 1}, {'district': <District.Batticaloa: 'Batticaloa'>, 'cases': 133}, {'district': <District.Ampara: 'Ampara'>, 'cases': 4}, {'district': <District.Trincomalee: 'Trincomalee'>, 'cases': 9}, {'district': <District.Kurunegala: 'Kurunegala'>, 'cases': 15}, {'district': <District.Puttalam: 'Puttalam'>, 'cases': 16}, {'district': <District.Anuradhapura: 'Anuradhapura'>, 'cases': 6}, {'district': <District.Polonnaruwa: 'Polonnaruwa'>, 'cases': 4}, {'district': <District.Badulla: 'Badulla'>, 'cases': 11}, {'district': <District.Moneragala: 'Moneragala'>, 'cases': 2}, {'district': <District.Ratnapura: 'Ratnapura'>, 'cases': 28}, {'district': <District.Kegalle: 'Kegalle'>, 'cases': 12}, {'district': <District.Kalmunai: 'Kalmunai'>, 'cases': 36}]"
2018-11-24,2018-11-30,901,"[{'district': <District.Colombo: 'Colombo'>, 'cases': 207}, {'district': <District.Gampaha: 'Gampaha'>, 'cases': 139}, {'district': <District.Kalutara: 'Kalutara'>, 'cases': 45}, {'district': <District.Kandy: 'Kandy'>, 'cases': 64}, {'district': <District.Matale: 'Matale'>, 'cases': 13}, {'district': <District.Nuwara_Eliya: 'Nuwara Eliya'>, 'cases': 3}, {'district': <District.Galle: 'Galle'>, 'cases': 15}, {'district': <District.Hambantota: 'Hambantota'>, 'cases': 16}, {'district': <District.Matara: 'Matara'>, 'cases': 14}, {'district': <District.Jaffna: 'Jaffna'>, 'cases': 104}, {'district': <District.Kilinochchi: 'Kilinochchi'>, 'cases': 6}, {'district': <District.Mannar: 'Mannar'>, 'cases': 1}, {'district': <District.Vavuniya: 'Vavuniya'>, 'cases': 6}, {'district': <District.Mullaitivu: 'Mullaitivu'>, 'cases': 0}, {'district': <District.Batticaloa: 'Batticaloa'>, 'cases': 68}, {'district': <District.Ampara: 'Ampara'>, 'cases': 3}, {'district': <District.Trincomalee: 'Trincomalee'>, 'cases': 19}, {'district': <District.Kurunegala: 'Kurunegala'>, 'cases': 39}, {'district': <District.Puttalam: 'Puttalam'>, 'cases': 42}, {'district': <District.Anuradhapura: 'Anuradhapura'>, 'cases': 11}, {'district': <District.Polonnaruwa: 'Polonnaruwa'>, 'cases': 2}, {'district': <District.Badulla: 'Badulla'>, 'cases': 11}, {'district': <District.Moneragala: 'Moneragala'>, 'cases': 6}, {'district': <District.Ratnapura: 'Ratnapura'>, 'cases': 23}, {'district': <District.Kegalle: 'Kegalle'>, 'cases': 35}, {'district': <District.Kalmunai: 'Kalmunai'>, 'cases': 9}]"
2011-02-19,2011-02-25,191,"[{'district': <District.Colombo: 'Colombo'>, 'cases': 78}, {'district': <District.Gampaha: 'Gampaha'>, 'cases': 21}, {'district': <District.Kalutara: 'Kalutara'>, 'cases': 1}, {'district': <District.Kandy: 'Kandy'>, 'cases': 2}, {'district': <District.Matale: 'Matale'>, 'cases': 4}, {'district': <District.Nuwara_Eliya: 'Nuwara Eliya'>, 'cases': 3}, {'district': <District.Galle: 'Galle'>, 'cases': 0}, {'district': <District.Hambantota: 'Hambantota'>, 'cases': 1}, {'district': <District.Matara: 'Matara'>, 'cases': 2}, {'district': <District.Jaffna: 'Jaffna'>, 'cases': 9}, {'district': <District.Kilinochchi: 'Kilinochchi'>, 'cases': 1}, {'district': <District.Mannar: 'Mannar'>, 'cases': 1}, {'district': <District.Vavuniya: 'Vavuniya'>, 'cases': 0}, {'district': <District.Mullaitivu: 'Mullaitivu'>, 'cases': 1}, {'district': <District.Batticaloa: 'Batticaloa'>, 'cases': 9}, {'district': <District.Ampara: 'Ampara'>, 'cases': 1}, {'district': <District.Trincomalee: 'Trincomalee'>, 'cases': 6}, {'district': <District.Kurunegala: 'Kurunegala'>, 'cases': 2}, {'district': <District.Puttalam: 'Puttalam'>, 'cases': 5}, {'district': <District.Anuradhapura: 'Anuradhapura'>, 'cases': 6}, {'district': <District.Polonnaruwa: 'Polonnaruwa'>, 'cases': 3}, {'district': <District.Badulla: 'Badulla'>, 'cases': 4}, {'district': <District.Moneragala: 'Moneragala'>, 'cases': 6}, {'district': <District.Ratnapura: 'Ratnapura'>, 'cases': 8}, {'district': <District.Kegalle: 'Kegalle'>, 'cases': 6}, {'district': <District.Kalmunai: 'Kalmunai'>, 'cases': 1}]"
2015-01-24,2015-01-30,1275,"[{'district': <District.Colombo: 'Colombo'>, 'cases': 439}, {'district': <District.Gampaha: 'Gampaha'>, 'cases': 37}, {'district': <District.Kalutara: 'Kalutara'>, 'cases': 64}, {'district': <District.Kandy: 'Kandy'>, 'cases': 65}, {'district': <District.Matale: 'Matale'>, 'cases': 28}, {'district': <District.Nuwara_Eliya: 'Nuwara Eliya'>, 'cases': 10}, {'district': <District.Galle: 'Galle'>, 'cases': 31}, {'district': <District.Hambantota: 'Hambantota'>, 'cases': 9}, {'district': <District.Matara: 'Matara'>, 'cases': 22}, {'district': <District.Jaffna: 'Jaffna'>, 'cases': 111}, {'district': <District.Kilinochchi: 'Kilinochchi'>, 'cases': 3}, {'district': <District.Mannar: 'Mannar'>, 'cases': 9}, {'district': <District.Vavuniya: 'Vavuniya'>, 'cases': 7}, {'district': <District.Mullaitivu: 'Mullaitivu'>, 'cases': 7}, {'district': <District.Batticaloa: 'Batticaloa'>, 'cases': 67}, {'district': <District.Ampara: 'Ampara'>, 'cases': 3}, {'district': <District.Trincomalee: 'Trincomalee'>, 'cases': 45}, {'district': <District.Kurunegala: 'Kurunegala'>, 'cases': 71}, {'district': <District.Puttalam: 'Puttalam'>, 'cases': 58}, {'district': <District.Anuradhapura: 'Anuradhapura'>, 'cases': 44}, {'district': <District.Polonnaruwa: 'Polonnaruwa'>, 'cases': 17}, {'district': <District.Badulla: 'Badulla'>, 'cases': 32}, {'district': <District.Moneragala: 'Moneragala'>, 'cases': 12}, {'district': <District.Ratnapura: 'Ratnapura'>, 'cases': 29}, {'district': <District.Kegalle: 'Kegalle'>, 'cases': 13}, {'district': <District.Kalmunai: 'Kalmunai'>, 'cases': 42}]"
2023-01-21,2023-01-27,146,"[{'district': <District.Colombo: 'Colombo'>, 'cases': 204}, {'district': <District.Gampaha: 'Gampaha'>, 'cases': 196}, {'district': <District.Kalutara: 'Kalutara'>, 'cases': 81}, {'district': <District.Kandy: 'Kandy'>, 'cases': 65}, {'district': <District.Matale: 'Matale'>, 'cases': 25}, {'district': <District.Nuwara_Eliya: 'Nuwara Eliya'>, 'cases': 3}, {'district': <District.Galle: 'Galle'>, 'cases': 40}, {'district': <District.Hambantota: 'Hambantota'>, 'cases': 24}, {'district': <District.Matara: 'Matara'>, 'cases': 39}, {'district': <District.Jaffna: 'Jaffna'>, 'cases': 89}, {'district': <District.Kilinochchi: 'Kilinochchi'>, 'cases': 6}, {'district': <District.Mannar: 'Mannar'>, 'cases': 4}, {'district': <District.Vavuniya: 'Vavuniya'>, 'cases': 4}, {'district': <District.Mullaitivu: 'Mullaitivu'>, 'cases': 1}, {'district': <District.Batticaloa: 'Batticaloa'>, 'cases': 41}, {'district': <District.Ampara: 'Ampara'>, 'cases': 8}, {'district': <District.Trincomalee: 'Trincomalee'>, 'cases': 41}, {'district': <District.Kurunegala: 'Kurunegala'>, 'cases': 79}, {'district': <District.Puttalam: 'Puttalam'>, 'cases': 212}, {'district': <District.Anuradhapura: 'Anuradhapura'>, 'cases': 15}, {'district': <District.Polonnaruwa: 'Polonnaruwa'>, 'cases': 22}, {'district': <District.Badulla: 'Badulla'>, 'cases': 26}, {'district': <District.Moneragala: 'Moneragala'>, 'cases': 6}, {'district': <District.Ratnapura: 'Ratnapura'>, 'cases': 45}, {'district': <District.Kegalle: 'Kegalle'>, 'cases': 51}, {'district': <District.Kalmunai: 'Kalmunai'>, 'cases': 138}]"
2018-09-15,2018-09-21,535,"[{'district': <District.Colombo: 'Colombo'>, 'cases': 97}, {'district': <District.Gampaha: 'Gampaha'>, 'cases': 92}, {'district': <District.Kalutara: 'Kalutara'>, 'cases': 28}, {'district': <District.Kandy: 'Kandy'>, 'cases': 73}, {'district': <District.Matale: 'Matale'>, 'cases': 7}, {'district': <District.Nuwara_Eliya: 'Nuwara Eliya'>, 'cases': 1}, {'district': <District.Galle: 'Galle'>, 'cases': 7}, {'district': <District.Hambantota: 'Hambantota'>, 'cases': 7}, {'district': <District.Matara: 'Matara'>, 'cases': 21}, {'district': <District.Jaffna: 'Jaffna'>, 'cases': 38}, {'district': <District.Kilinochchi: 'Kilinochchi'>, 'cases': 14}, {'district': <District.Mannar: 'Mannar'>, 'cases': 2}, {'district': <District.Vavuniya: 'Vavuniya'>, 'cases': 4}, {'district': <District.Mullaitivu: 'Mullaitivu'>, 'cases': 1}, {'district': <District.Batticaloa: 'Batticaloa'>, 'cases': 20}, {'district': <District.Ampara: 'Ampara'>, 'cases': 3}, {'district': <District.Trincomalee: 'Trincomalee'>, 'cases': 7}, {'district': <District.Kurunegala: 'Kurunegala'>, 'cases': 20}, {'district': <District.Puttalam: 'Puttalam'>, 'cases': 17}, {'district': <District.Anuradhapura: 'Anuradhapura'>, 'cases': 6}, {'district': <District.Polonnaruwa: 'Polonnaruwa'>, 'cases': 5}, {'district': <District.Badulla: 'Badulla'>, 'cases': 18}, {'district': <District.Moneragala: 'Moneragala'>, 'cases': 7}, {'district': <District.Ratnapura: 'Ratnapura'>, 'cases': 13}, {'district': <District.Kegalle: 'Kegalle'>, 'cases': 17}, {'district': <District.Kalmunai: 'Kalmunai'>, 'cases': 10}]"
2014-03-22,2014-03-28,370,"[{'district': <District.Colombo: 'Colombo'>, 'cases': 128}, {'district': <District.Gampaha: 'Gampaha'>, 'cases': 43}, {'district': <District.Kalutara: 'Kalutara'>, 'cases': 22}, {'district': <District.Kandy: 'Kandy'>, 'cases': 9}, {'district': <District.Matale: 'Matale'>, 'cases': 7}, {'district': <District.Nuwara_Eliya: 'Nuwara Eliya'>, 'cases': 2}, {'district': <District.Galle: 'Galle'>, 'cases': 18}, {'district': <District.Hambantota: 'Hambantota'>, 'cases': 2}, {'district': <District.Matara: 'Matara'>, 'cases': 3}, {'district': <District.Jaffna: 'Jaffna'>, 'cases': 14}, {'district': <District.Kilinochchi: 'Kilinochchi'>, 'cases': 1}, {'district': <District.Mannar: 'Mannar'>, 'cases': 0}, {'district': <District.Vavuniya: 'Vavuniya'>, 'cases': 0}, {'district': <District.Mullaitivu: 'Mullaitivu'>, 'cases': 6}, {'district': <District.Batticaloa: 'Batticaloa'>, 'cases': 47}, {'district': <District.Ampara: 'Ampara'>, 'cases': 1}, {'district': <District.Trincomalee: 'Trincomalee'>, 'cases': 2}, {'district': <District.Kurunegala: 'Kurunegala'>, 'cases': 22}, {'district': <District.Puttalam: 'Puttalam'>, 'cases': 2}, {'district': <District.Anuradhapura: 'Anuradhapura'>, 'cases': 6}, {'district': <District.Polonnaruwa: 'Polonnaruwa'>, 'cases': 0}, {'district': <District.Badulla: 'Badulla'>, 'cases': 9}, {'district': <District.Moneragala: 'Moneragala'>, 'cases': 7}, {'district': <District.Ratnapura: 'Ratnapura'>, 'cases': 5}, {'district': <District.Kegalle: 'Kegalle'>, 'cases': 12}, {'district': <District.Kalmunai: 'Kalmunai'>, 'cases': 2}]"
2008-02-23,2008-02-29,156,"[{'district': <District.Colombo: 'Colombo'>, 'cases': 34}, {'district': <District.Gampaha: 'Gampaha'>, 'cases': 13}, {'district': <District.Kalutara: 'Kalutara'>, 'cases': 7}, {'district': <District.Kandy: 'Kandy'>, 'cases': 9}, {'district': <District.Matale: 'Matale'>, 'cases': 3}, {'district': <District.Nuwara_Eliya: 'Nuwara Eliya'>, 'cases': 1}, {'district': <District.Galle: 'Galle'>, 'cases': 0}, {'district': <District.Hambantota: 'Hambantota'>, 'cases': 4}, {'district': <District.Matara: 'Matara'>, 'cases': 9}, {'district': <District.Jaffna: 'Jaffna'>, 'cases': 0}, {'district': <District.Kilinochchi: 'Kilinochchi'>, 'cases': 0}, {'district': <District.Mannar: 'Mannar'>, 'cases': 2}, {'district': <District.Vavuniya: 'Vavuniya'>, 'cases': 0}, {'district': <District.Mullaitivu: 'Mullaitivu'>, 'cases': 0}, {'district': <District.Batticaloa: 'Batticaloa'>, 'cases': 2}, {'district': <District.Ampara: 'Ampara'>, 'cases': 0}, {'district': <District.Trincomalee: 'Trincomalee'>, 'cases': 19}, {'district': <District.Kurunegala: 'Kurunegala'>, 'cases': 10}, {'district': <District.Puttalam: 'Puttalam'>, 'cases': 23}, {'district': <District.Anuradhapura: 'Anuradhapura'>, 'cases': 5}, {'district': <District.Polonnaruwa: 'Polonnaruwa'>, 'cases': 3}, {'district': <District.Badulla: 'Badulla'>, 'cases': 0}, {'district': <District.Moneragala: 'Moneragala'>, 'cases': 1}, {'district': <District.Ratnapura: 'Ratnapura'>, 'cases': 2}, {'district': <District.Kegalle: 'Kegalle'>, 'cases': 9}, {'district': <District.Kalmunai: 'Kalmunai'>, 'cases': 0}]"
2022-04-09,2022-04-15,36,"[{'district': <District.Colombo: 'Colombo'>, 'cases': 27}, {'district': <District.Gampaha: 'Gampaha'>, 'cases': 45}, {'district': <District.Kalutara: 'Kalutara'>, 'cases': 29}, {'district': <District.Kandy: 'Kandy'>, 'cases': 19}, {'district': <District.Matale: 'Matale'>, 'cases': 6}, {'district': <District.Nuwara_Eliya: 'Nuwara Eliya'>, 'cases': 1}, {'district': <District.Galle: 'Galle'>, 'cases': 8}, {'district': <District.Hambantota: 'Hambantota'>, 'cases': 5}, {'district': <District.Matara: 'Matara'>, 'cases': 0}, {'district': <District.Jaffna: 'Jaffna'>, 'cases': 73}, {'district': <District.Kilinochchi: 'Kilinochchi'>, 'cases': 0}, {'district': <District.Mannar: 'Mannar'>, 'cases': 0}, {'district': <District.Vavuniya: 'Vavuniya'>, 'cases': 2}, {'district': <District.Mullaitivu: 'Mullaitivu'>, 'cases': 0}, {'district': <District.Batticaloa: 'Batticaloa'>, 'cases': 40}, {'district': <District.Ampara: 'Ampara'>, 'cases': 0}, {'district': <District.Trincomalee: 'Trincomalee'>, 'cases': 29}, {'district': <District.Kurunegala: 'Kurunegala'>, 'cases': 12}, {'district': <District.Puttalam: 'Puttalam'>, 'cases': 8}, {'district': <District.Anuradhapura: 'Anuradhapura'>, 'cases': 0}, {'district': <District.Polonnaruwa: 'Polonnaruwa'>, 'cases': 1}, {'district': <District.Badulla: 'Badulla'>, 'cases': 8}, {'district': <District.Moneragala: 'Moneragala'>, 'cases': 4}, {'district': <District.Ratnapura: 'Ratnapura'>, 'cases': 10}, {'district': <District.Kegalle: 'Kegalle'>, 'cases': 21}, {'district': <District.Kalmunai: 'Kalmunai'>, 'cases': 19}]"
2016-07-25,2016-07-01,889,"[{'district': <District.Colombo: 'Colombo'>, 'cases': 249}, {'district': <District.Gampaha: 'Gampaha'>, 'cases': 0}, {'district': <District.Kalutara: 'Kalutara'>, 'cases': 0}, {'district': <District.Kandy: 'Kandy'>, 'cases': 152}, {'district': <District.Matale: 'Matale'>, 'cases': 22}, {'district': <District.Nuwara_Eliya: 'Nuwara Eliya'>, 'cases': 18}, {'district': <District.Galle: 'Galle'>, 'cases': 16}, {'district': <District.Hambantota: 'Hambantota'>, 'cases': 23}, {'district': <District.Matara: 'Matara'>, 'cases': 59}, {'district': <District.Jaffna: 'Jaffna'>, 'cases': 12}, {'district': <District.Kilinochchi: 'Kilinochchi'>, 'cases': 0}, {'district': <District.Mannar: 'Mannar'>, 'cases': 1}, {'district': <District.Vavuniya: 'Vavuniya'>, 'cases': 6}, {'district': <District.Mullaitivu: 'Mullaitivu'>, 'cases': 7}, {'district': <District.Batticaloa: 'Batticaloa'>, 'cases': 8}, {'district': <District.Ampara: 'Ampara'>, 'cases': 0}, {'district': <District.Trincomalee: 'Trincomalee'>, 'cases': 8}, {'district': <District.Kurunegala: 'Kurunegala'>, 'cases': 103}, {'district': <District.Puttalam: 'Puttalam'>, 'cases': 28}, {'district': <District.Anuradhapura: 'Anuradhapura'>, 'cases': 9}, {'district': <District.Polonnaruwa: 'Polonnaruwa'>, 'cases': 8}, {'district': <District.Badulla: 'Badulla'>, 'cases': 28}, {'district': <District.Moneragala: 'Moneragala'>, 'cases': 10}, {'district': <District.Ratnapura: 'Ratnapura'>, 'cases': 81}, {'district': <District.Kegalle: 'Kegalle'>, 'cases': 40}, {'district': <District.Kalmunai: 'Kalmunai'>, 'cases': 1}]"
2012-07-14,2012-07-20,314,"[{'district': <District.Colombo: 'Colombo'>, 'cases': 99}, {'district': <District.Gampaha: 'Gampaha'>, 'cases': 35}, {'district': <District.Kalutara: 'Kalutara'>, 'cases': 4}, {'district': <District.Kandy: 'Kandy'>, 'cases': 1}, {'district': <District.Matale: 'Matale'>, 'cases': 0}, {'district': <District.Nuwara_Eliya: 'Nuwara Eliya'>, 'cases': 0}, {'district': <District.Galle: 'Galle'>, 'cases': 0}, {'district': <District.Hambantota: 'Hambantota'>, 'cases': 0}, {'district': <District.Matara: 'Matara'>, 'cases': 0}, {'district': <District.Jaffna: 'Jaffna'>, 'cases': 2}, {'district': <District.Kilinochchi: 'Kilinochchi'>, 'cases': 0}, {'district': <District.Mannar: 'Mannar'>, 'cases': 0}, {'district': <District.Vavuniya: 'Vavuniya'>, 'cases': 0}, {'district': <District.Mullaitivu: 'Mullaitivu'>, 'cases': 0}, {'district': <District.Batticaloa: 'Batticaloa'>, 'cases': 1}, {'district': <District.Ampara: 'Ampara'>, 'cases': 0}, {'district': <District.Trincomalee: 'Trincomalee'>, 'cases': 0}, {'district': <District.Kurunegala: 'Kurunegala'>, 'cases': 61}, {'district': <District.Puttalam: 'Puttalam'>, 'cases': 0}, {'district': <District.Anuradhapura: 'Anuradhapura'>, 'cases': 2}, {'district': <District.Polonnaruwa: 'Polonnaruwa'>, 'cases': 5}, {'district': <District.Badulla: 'Badulla'>, 'cases': 2}, {'district': <District.Moneragala: 'Moneragala'>, 'cases': 0}, {'district': <District.Ratnapura: 'Ratnapura'>, 'cases': 61}, {'district': <District.Kegalle: 'Kegalle'>, 'cases': 39}, {'district': <District.Kalmunai: 'Kalmunai'>, 'cases': 2}]"
2009-01-10,2009-01-16,181,"[{'district': <District.Colombo: 'Colombo'>, 'cases': 39}, {'district': <District.Gampaha: 'Gampaha'>, 'cases': 19}, {'district': <District.Kalutara: 'Kalutara'>, 'cases': 11}, {'district': <District.Kandy: 'Kandy'>, 'cases': 42}, {'district': <District.Matale: 'Matale'>, 'cases': 9}, {'district': <District.Nuwara_Eliya: 'Nuwara Eliya'>, 'cases': 1}, {'district': <District.Galle: 'Galle'>, 'cases': 2}, {'district': <District.Hambantota: 'Hambantota'>, 'cases': 3}, {'district': <District.Matara: 'Matara'>, 'cases': 18}, {'district': <District.Jaffna: 'Jaffna'>, 'cases': 1}, {'district': <District.Kilinochchi: 'Kilinochchi'>, 'cases': 0}, {'district': <District.Mannar: 'Mannar'>, 'cases': 0}, {'district': <District.Vavuniya: 'Vavuniya'>, 'cases': 0}, {'district': <District.Mullaitivu: 'Mullaitivu'>, 'cases': 0}, {'district': <District.Batticaloa: 'Batticaloa'>, 'cases': 0}, {'district': <District.Ampara: 'Ampara'>, 'cases': 0}, {'district': <District.Trincomalee: 'Trincomalee'>, 'cases': 0}, {'district': <District.Kurunegala: 'Kurunegala'>, 'cases': 10}, {'district': <District.Puttalam: 'Puttalam'>, 'cases': 2}, {'district': <District.Anuradhapura: 'Anuradhapura'>, 'cases': 0}, {'district': <District.Polonnaruwa: 'Polonnaruwa'>, 'cases': 0}, {'district': <District.Badulla: 'Badulla'>, 'cases': 1}, {'district': <District.Moneragala: 'Moneragala'>, 'cases': 0}, {'district': <District.Ratnapura: 'Ratnapura'>, 'cases': 2}, {'district': <District.Kegalle: 'Kegalle'>, 'cases': 21}, {'district': <District.Kalmunai: 'Kalmunai'>, 'cases': 0}]"
2012-08-25,2012-08-31,647,"[{'district': <District.Colombo: 'Colombo'>, 'cases': 152}, {'district': <District.Gampaha: 'Gampaha'>, 'cases': 73}, {'district': <District.Kalutara: 'Kalutara'>, 'cases': 25}, {'district': <District.Kandy: 'Kandy'>, 'cases': 55}, {'district': <District.Matale: 'Matale'>, 'cases': 21}, {'district': <District.Nuwara_Eliya: 'Nuwara Eliya'>, 'cases': 5}, {'district': <District.Galle: 'Galle'>, 'cases': 34}, {'district': <District.Hambantota: 'Hambantota'>, 'cases': 13}, {'district': <District.Matara: 'Matara'>, 'cases': 26}, {'district': <District.Jaffna: 'Jaffna'>, 'cases': 7}, {'district': <District.Kilinochchi: 'Kilinochchi'>, 'cases': 1}, {'district': <District.Mannar: 'Mannar'>, 'cases': 0}, {'district': <District.Vavuniya: 'Vavuniya'>, 'cases': 6}, {'district': <District.Mullaitivu: 'Mullaitivu'>, 'cases': 0}, {'district': <District.Batticaloa: 'Batticaloa'>, 'cases': 2}, {'district': <District.Ampara: 'Ampara'>, 'cases': 0}, {'district': <District.Trincomalee: 'Trincomalee'>, 'cases': 1}, {'district': <District.Kurunegala: 'Kurunegala'>, 'cases': 46}, {'district': <District.Puttalam: 'Puttalam'>, 'cases': 46}, {'district': <District.Anuradhapura: 'Anuradhapura'>, 'cases': 8}, {'district': <District.Polonnaruwa: 'Polonnaruwa'>, 'cases': 4}, {'district': <District.Badulla: 'Badulla'>, 'cases': 4}, {'district': <District.Moneragala: 'Moneragala'>, 'cases': 3}, {'district': <District.Ratnapura: 'Ratnapura'>, 'cases': 57}, {'district': <District.Kegalle: 'Kegalle'>, 'cases': 58}, {'district': <District.Kalmunai: 'Kalmunai'>, 'cases': 0}]"
2017-02-04,2017-02-10,1165,"[{'district': <District.Colombo: 'Colombo'>, 'cases': 417}, {'district': <District.Gampaha: 'Gampaha'>, 'cases': 20}, {'district': <District.Kalutara: 'Kalutara'>, 'cases': 50}, {'district': <District.Kandy: 'Kandy'>, 'cases': 25}, {'district': <District.Matale: 'Matale'>, 'cases': 8}, {'district': <District.Nuwara_Eliya: 'Nuwara Eliya'>, 'cases': 9}, {'district': <District.Galle: 'Galle'>, 'cases': 28}, {'district': <District.Hambantota: 'Hambantota'>, 'cases': 24}, {'district': <District.Matara: 'Matara'>, 'cases': 118}, {'district': <District.Jaffna: 'Jaffna'>, 'cases': 56}, {'district': <District.Kilinochchi: 'Kilinochchi'>, 'cases': 6}, {'district': <District.Mannar: 'Mannar'>, 'cases': 22}, {'district': <District.Vavuniya: 'Vavuniya'>, 'cases': 18}, {'district': <District.Mullaitivu: 'Mullaitivu'>, 'cases': 0}, {'district': <District.Batticaloa: 'Batticaloa'>, 'cases': 27}, {'district': <District.Ampara: 'Ampara'>, 'cases': 2}, {'district': <District.Trincomalee: 'Trincomalee'>, 'cases': 132}, {'district': <District.Kurunegala: 'Kurunegala'>, 'cases': 37}, {'district': <District.Puttalam: 'Puttalam'>, 'cases': 9}, {'district': <District.Anuradhapura: 'Anuradhapura'>, 'cases': 11}, {'district': <District.Polonnaruwa: 'Polonnaruwa'>, 'cases': 17}, {'district': <District.Badulla: 'Badulla'>, 'cases': 32}, {'district': <District.Moneragala: 'Moneragala'>, 'cases': 20}, {'district': <District.Ratnapura: 'Ratnapura'>, 'cases': 34}, {'district': <District.Kegalle: 'Kegalle'>, 'cases': 31}, {'district': <District.Kalmunai: 'Kalmunai'>, 'cases': 12}]"
2008-04-05,2008-04-11,155,"[{'district': <District.Colombo: 'Colombo'>, 'cases': 41}, {'district': <District.Gampaha: 'Gampaha'>, 'cases': 31}, {'district': <District.Kalutara: 'Kalutara'>, 'cases': 12}, {'district': <District.Kandy: 'Kandy'>, 'cases': 7}, {'district': <District.Matale: 'Matale'>, 'cases': 3}, {'district': <District.Nuwara_Eliya: 'Nuwara Eliya'>, 'cases': 0}, {'district': <District.Galle: 'Galle'>, 'cases': 3}, {'district': <District.Hambantota: 'Hambantota'>, 'cases': 2}, {'district': <District.Matara: 'Matara'>, 'cases': 3}, {'district': <District.Jaffna: 'Jaffna'>, 'cases': 2}, {'district': <District.Kilinochchi: 'Kilinochchi'>, 'cases': 0}, {'district': <District.Mannar: 'Mannar'>, 'cases': 0}, {'district': <District.Vavuniya: 'Vavuniya'>, 'cases': 0}, {'district': <District.Mullaitivu: 'Mullaitivu'>, 'cases': 0}, {'district': <District.Batticaloa: 'Batticaloa'>, 'cases': 7}, {'district': <District.Ampara: 'Ampara'>, 'cases': 0}, {'district': <District.Trincomalee: 'Trincomalee'>, 'cases': 11}, {'district': <District.Kurunegala: 'Kurunegala'>, 'cases': 7}, {'district': <District.Puttalam: 'Puttalam'>, 'cases': 7}, {'district': <District.Anuradhapura: 'Anuradhapura'>, 'cases': 3}, {'district': <District.Polonnaruwa: 'Polonnaruwa'>, 'cases': 3}, {'district': <District.Badulla: 'Badulla'>, 'cases': 1}, {'district': <District.Moneragala: 'Moneragala'>, 'cases': 1}, {'district': <District.Ratnapura: 'Ratnapura'>, 'cases': 1}, {'district': <District.Kegalle: 'Kegalle'>, 'cases': 9}, {'district': <District.Kalmunai: 'Kalmunai'>, 'cases': 1}]"
2019-08-03,2019-08-09,1965,"[{'district': <District.Colombo: 'Colombo'>, 'cases': 401}, {'district': <District.Gampaha: 'Gampaha'>, 'cases': 318}, {'district': <District.Kalutara: 'Kalutara'>, 'cases': 196}, {'district': <District.Kandy: 'Kandy'>, 'cases': 154}, {'district': <District.Matale: 'Matale'>, 'cases': 16}, {'district': <District.Nuwara_Eliya: 'Nuwara Eliya'>, 'cases': 7}, {'district': <District.Galle: 'Galle'>, 'cases': 246}, {'district': <District.Hambantota: 'Hambantota'>, 'cases': 53}, {'district': <District.Matara: 'Matara'>, 'cases': 223}, {'district': <District.Jaffna: 'Jaffna'>, 'cases': 20}, {'district': <District.Kilinochchi: 'Kilinochchi'>, 'cases': 2}, {'district': <District.Mannar: 'Mannar'>, 'cases': 2}, {'district': <District.Vavuniya: 'Vavuniya'>, 'cases': 4}, {'district': <District.Mullaitivu: 'Mullaitivu'>, 'cases': 0}, {'district': <District.Batticaloa: 'Batticaloa'>, 'cases': 19}, {'district': <District.Ampara: 'Ampara'>, 'cases': 3}, {'district': <District.Trincomalee: 'Trincomalee'>, 'cases': 15}, {'district': <District.Kurunegala: 'Kurunegala'>, 'cases': 47}, {'district': <District.Puttalam: 'Puttalam'>, 'cases': 32}, {'district': <District.Anuradhapura: 'Anuradhapura'>, 'cases': 12}, {'district': <District.Polonnaruwa: 'Polonnaruwa'>, 'cases': 9}, {'district': <District.Badulla: 'Badulla'>, 'cases': 36}, {'district': <District.Moneragala: 'Moneragala'>, 'cases': 11}, {'district': <District.Ratnapura: 'Ratnapura'>, 'cases': 85}, {'district': <District.Kegalle: 'Kegalle'>, 'cases': 48}, {'district': <District.Kalmunai: 'Kalmunai'>, 'cases': 6}]"
2007-09-08,2007-09-14,166,"[{'district': <District.Colombo: 'Colombo'>, 'cases': 54}, {'district': <District.Gampaha: 'Gampaha'>, 'cases': 17}, {'district': <District.Kalutara: 'Kalutara'>, 'cases': 14}, {'district': <District.Kandy: 'Kandy'>, 'cases': 6}, {'district': <District.Matale: 'Matale'>, 'cases': 1}, {'district': <District.Nuwara_Eliya: 'Nuwara Eliya'>, 'cases': 1}, {'district': <District.Galle: 'Galle'>, 'cases': 1}, {'district': <District.Hambantota: 'Hambantota'>, 'cases': 2}, {'district': <District.Matara: 'Matara'>, 'cases': 5}, {'district': <District.Jaffna: 'Jaffna'>, 'cases': 0}, {'district': <District.Kilinochchi: 'Kilinochchi'>, 'cases': 0}, {'district': <District.Mannar: 'Mannar'>, 'cases': 0}, {'district': <District.Vavuniya: 'Vavuniya'>, 'cases': 2}, {'district': <District.Mullaitivu: 'Mullaitivu'>, 'cases': 0}, {'district': <District.Batticaloa: 'Batticaloa'>, 'cases': 1}, {'district': <District.Ampara: 'Ampara'>, 'cases': 0}, {'district': <District.Trincomalee: 'Trincomalee'>, 'cases': 0}, {'district': <District.Kurunegala: 'Kurunegala'>, 'cases': 32}, {'district': <District.Puttalam: 'Puttalam'>, 'cases': 3}, {'district': <District.Anuradhapura: 'Anuradhapura'>, 'cases': 5}, {'district': <District.Polonnaruwa: 'Polonnaruwa'>, 'cases': 1}, {'district': <District.Badulla: 'Badulla'>, 'cases': 1}, {'district': <District.Moneragala: 'Moneragala'>, 'cases': 2}, {'district': <District.Ratnapura: 'Ratnapura'>, 'cases': 14}, {'district': <District.Kegalle: 'Kegalle'>, 'cases': 4}, {'district': <District.Kalmunai: 'Kalmunai'>, 'cases': 0}]"
2015-05-02,2015-05-08,213,"[{'district': <District.Colombo: 'Colombo'>, 'cases': 107}, {'district': <District.Gampaha: 'Gampaha'>, 'cases': 22}, {'district': <District.Kalutara: 'Kalutara'>, 'cases': 11}, {'district': <District.Kandy: 'Kandy'>, 'cases': 13}, {'district': <District.Matale: 'Matale'>, 'cases': 1}, {'district': <District.Nuwara_Eliya: 'Nuwara Eliya'>, 'cases': 2}, {'district': <District.Galle: 'Galle'>, 'cases': 0}, {'district': <District.Hambantota: 'Hambantota'>, 'cases': 1}, {'district': <District.Matara: 'Matara'>, 'cases': 3}, {'district': <District.Jaffna: 'Jaffna'>, 'cases': 6}, {'district': <District.Kilinochchi: 'Kilinochchi'>, 'cases': 0}, {'district': <District.Mannar: 'Mannar'>, 'cases': 0}, {'district': <District.Vavuniya: 'Vavuniya'>, 'cases': 0}, {'district': <District.Mullaitivu: 'Mullaitivu'>, 'cases': 0}, {'district': <District.Batticaloa: 'Batticaloa'>, 'cases': 14}, {'district': <District.Ampara: 'Ampara'>, 'cases': 1}, {'district': <District.Trincomalee: 'Trincomalee'>, 'cases': 12}, {'district': <District.Kurunegala: 'Kurunegala'>, 'cases': 3}, {'district': <District.Puttalam: 'Puttalam'>, 'cases': 2}, {'district': <District.Anuradhapura: 'Anuradhapura'>, 'cases': 1}, {'district': <District.Polonnaruwa: 'Polonnaruwa'>, 'cases': 0}, {'district': <District.Badulla: 'Badulla'>, 'cases': 3}, {'district': <District.Moneragala: 'Moneragala'>, 'cases': 1}, {'district': <District.Ratnapura: 'Ratnapura'>, 'cases': 5}, {'district': <District.Kegalle: 'Kegalle'>, 'cases': 5}, {'district': <District.Kalmunai: 'Kalmunai'>, 'cases': 0}]"
2010-05-22,2010-05-28,278,"[{'district': <District.Colombo: 'Colombo'>, 'cases': 61}, {'district': <District.Gampaha: 'Gampaha'>, 'cases': 7}, {'district': <District.Kalutara: 'Kalutara'>, 'cases': 23}, {'district': <District.Kandy: 'Kandy'>, 'cases': 18}, {'district': <District.Matale: 'Matale'>, 'cases': 13}, {'district': <District.Nuwara_Eliya: 'Nuwara Eliya'>, 'cases': 1}, {'district': <District.Galle: 'Galle'>, 'cases': 30}, {'district': <District.Hambantota: 'Hambantota'>, 'cases': 3}, {'district': <District.Matara: 'Matara'>, 'cases': 8}, {'district': <District.Jaffna: 'Jaffna'>, 'cases': 11}, {'district': <District.Mannar: 'Mannar'>, 'cases': 4}, {'district': <District.Vavuniya: 'Vavuniya'>, 'cases': 1}, {'district': <District.Batticaloa: 'Batticaloa'>, 'cases': 10}, {'district': <District.Ampara: 'Ampara'>, 'cases': 0}, {'district': <District.Trincomalee: 'Trincomalee'>, 'cases': 3}, {'district': <District.Kurunegala: 'Kurunegala'>, 'cases': 20}, {'district': <District.Puttalam: 'Puttalam'>, 'cases': 5}, {'district': <District.Anuradhapura: 'Anuradhapura'>, 'cases': 2}, {'district': <District.Polonnaruwa: 'Polonnaruwa'>, 'cases': 0}, {'district': <District.Badulla: 'Badulla'>, 'cases': 2}, {'district': <District.Moneragala: 'Moneragala'>, 'cases': 3}, {'district': <District.Ratnapura: 'Ratnapura'>, 'cases': 46}, {'district': <District.Kegalle: 'Kegalle'>, 'cases': 7}, {'district': <District.Kalmunai: 'Kalmunai'>, 'cases': 0}]"
2018-06-09,2018-06-15,1079,"[{'district': <District.Colombo: 'Colombo'>, 'cases': 220}, {'district': <District.Gampaha: 'Gampaha'>, 'cases': 110}, {'district': <District.Kalutara: 'Kalutara'>, 'cases': 93}, {'district': <District.Kandy: 'Kandy'>, 'cases': 94}, {'district': <District.Matale: 'Matale'>, 'cases': 24}, {'district': <District.Nuwara_Eliya: 'Nuwara Eliya'>, 'cases': 3}, {'district': <District.Galle: 'Galle'>, 'cases': 28}, {'district': <District.Hambantota: 'Hambantota'>, 'cases': 16}, {'district': <District.Matara: 'Matara'>, 'cases': 12}, {'district': <District.Jaffna: 'Jaffna'>, 'cases': 64}, {'district': <District.Kilinochchi: 'Kilinochchi'>, 'cases': 5}, {'district': <District.Mannar: 'Mannar'>, 'cases': 1}, {'district': <District.Vavuniya: 'Vavuniya'>, 'cases': 10}, {'district': <District.Mullaitivu: 'Mullaitivu'>, 'cases': 3}, {'district': <District.Batticaloa: 'Batticaloa'>, 'cases': 147}, {'district': <District.Ampara: 'Ampara'>, 'cases': 20}, {'district': <District.Trincomalee: 'Trincomalee'>, 'cases': 36}, {'district': <District.Kurunegala: 'Kurunegala'>, 'cases': 33}, {'district': <District.Puttalam: 'Puttalam'>, 'cases': 23}, {'district': <District.Anuradhapura: 'Anuradhapura'>, 'cases': 28}, {'district': <District.Polonnaruwa: 'Polonnaruwa'>, 'cases': 11}, {'district': <District.Badulla: 'Badulla'>, 'cases': 10}, {'district': <District.Moneragala: 'Moneragala'>, 'cases': 11}, {'district': <District.Ratnapura: 'Ratnapura'>, 'cases': 35}, {'district': <District.Kegalle: 'Kegalle'>, 'cases': 19}, {'district': <District.Kalmunai: 'Kalmunai'>, 'cases': 23}]"
2011-03-26,2011-04-01,188,"[{'district': <District.Colombo: 'Colombo'>, 'cases': 99}, {'district': <District.Gampaha: 'Gampaha'>, 'cases': 18}, {'district': <District.Kalutara: 'Kalutara'>, 'cases': 2}, {'district': <District.Kandy: 'Kandy'>, 'cases': 13}, {'district': <District.Matale: 'Matale'>, 'cases': 2}, {'district': <District.Nuwara_Eliya: 'Nuwara Eliya'>, 'cases': 5}, {'district': <District.Galle: 'Galle'>, 'cases': 9}, {'district': <District.Hambantota: 'Hambantota'>, 'cases': 4}, {'district': <District.Matara: 'Matara'>, 'cases': 5}, {'district': <District.Jaffna: 'Jaffna'>, 'cases': 0}, {'district': <District.Kilinochchi: 'Kilinochchi'>, 'cases': 0}, {'district': <District.Mannar: 'Mannar'>, 'cases': 0}, {'district': <District.Vavuniya: 'Vavuniya'>, 'cases': 2}, {'district': <District.Mullaitivu: 'Mullaitivu'>, 'cases': 0}, {'district': <District.Batticaloa: 'Batticaloa'>, 'cases': 4}, {'district': <District.Ampara: 'Ampara'>, 'cases': 0}, {'district': <District.Trincomalee: 'Trincomalee'>, 'cases': 3}, {'district': <District.Kurunegala: 'Kurunegala'>, 'cases': 4}, {'district': <District.Puttalam: 'Puttalam'>, 'cases': 1}, {'district': <District.Anuradhapura: 'Anuradhapura'>, 'cases': 1}, {'district': <District.Polonnaruwa: 'Polonnaruwa'>, 'cases': 0}, {'district': <District.Badulla: 'Badulla'>, 'cases': 0}, {'district': <District.Moneragala: 'Moneragala'>, 'cases': 1}, {'district': <District.Ratnapura: 'Ratnapura'>, 'cases': 12}, {'district': <District.Kegalle: 'Kegalle'>, 'cases': 2}, {'district': <District.Kalmunai: 'Kalmunai'>, 'cases': 1}]"
2012-11-03,2012-11-09,526,"[{'district': <District.Colombo: 'Colombo'>, 'cases': 45}, {'district': <District.Gampaha: 'Gampaha'>, 'cases': 95}, {'district': <District.Kalutara: 'Kalutara'>, 'cases': 42}, {'district': <District.Kandy: 'Kandy'>, 'cases': 50}, {'district': <District.Matale: 'Matale'>, 'cases': 11}, {'district': <District.Nuwara_Eliya: 'Nuwara Eliya'>, 'cases': 4}, {'district': <District.Galle: 'Galle'>, 'cases': 7}, {'district': <District.Hambantota: 'Hambantota'>, 'cases': 18}, {'district': <District.Matara: 'Matara'>, 'cases': 39}, {'district': <District.Jaffna: 'Jaffna'>, 'cases': 27}, {'district': <District.Kilinochchi: 'Kilinochchi'>, 'cases': 2}, {'district': <District.Mannar: 'Mannar'>, 'cases': 3}, {'district': <District.Vavuniya: 'Vavuniya'>, 'cases': 0}, {'district': <District.Mullaitivu: 'Mullaitivu'>, 'cases': 1}, {'district': <District.Batticaloa: 'Batticaloa'>, 'cases': 4}, {'district': <District.Ampara: 'Ampara'>, 'cases': 1}, {'district': <District.Trincomalee: 'Trincomalee'>, 'cases': 4}, {'district': <District.Kurunegala: 'Kurunegala'>, 'cases': 56}, {'district': <District.Puttalam: 'Puttalam'>, 'cases': 31}, {'district': <District.Anuradhapura: 'Anuradhapura'>, 'cases': 2}, {'district': <District.Polonnaruwa: 'Polonnaruwa'>, 'cases': 3}, {'district': <District.Badulla: 'Badulla'>, 'cases': 7}, {'district': <District.Moneragala: 'Moneragala'>, 'cases': 3}, {'district': <District.Ratnapura: 'Ratnapura'>, 'cases': 45}, {'district': <District.Kegalle: 'Kegalle'>, 'cases': 25}, {'district': <District.Kalmunai: 'Kalmunai'>, 'cases': 1}]"
2023-11-28,2023-12-03,1035,"[{'district': <District.Colombo: 'Colombo'>, 'cases': 167}, {'district': <District.Gampaha: 'Gampaha'>, 'cases': 178}, {'district': <District.Kalutara: 'Kalutara'>, 'cases': 345}, {'district': <District.Kandy: 'Kandy'>, 'cases': 185}, {'district': <District.Matale: 'Matale'>, 'cases': 61}, {'district': <District.Nuwara_Eliya: 'Nuwara Eliya'>, 'cases': 2}, {'district': <District.Galle: 'Galle'>, 'cases': 81}, {'district': <District.Hambantota: 'Hambantota'>, 'cases': 7}, {'district': <District.Matara: 'Matara'>, 'cases': 19}, {'district': <District.Jaffna: 'Jaffna'>, 'cases': 24}, {'district': <District.Kilinochchi: 'Kilinochchi'>, 'cases': 3}, {'district': <District.Mannar: 'Mannar'>, 'cases': 3}, {'district': <District.Vavuniya: 'Vavuniya'>, 'cases': 4}, {'district': <District.Mullaitivu: 'Mullaitivu'>, 'cases': 2}, {'district': <District.Batticaloa: 'Batticaloa'>, 'cases': 16}, {'district': <District.Ampara: 'Ampara'>, 'cases': 6}, {'district': <District.Trincomalee: 'Trincomalee'>, 'cases': 8}, {'district': <District.Kurunegala: 'Kurunegala'>, 'cases': 1}, {'district': <District.Puttalam: 'Puttalam'>, 'cases': 74}, {'district': <District.Anuradhapura: 'Anuradhapura'>, 'cases': 27}, {'district': <District.Polonnaruwa: 'Polonnaruwa'>, 'cases': 8}, {'district': <District.Badulla: 'Badulla'>, 'cases': 3}, {'district': <District.Moneragala: 'Moneragala'>, 'cases': 41}, {'district': <District.Ratnapura: 'Ratnapura'>, 'cases': 11}, {'district': <District.Kegalle: 'Kegalle'>, 'cases': 19}]"
2013-02-09,2013-02-15,502,"[{'district': <District.Colombo: 'Colombo'>, 'cases': 124}, {'district': <District.Gampaha: 'Gampaha'>, 'cases': 29}, {'district': <District.Kalutara: 'Kalutara'>, 'cases': 32}, {'district': <District.Kandy: 'Kandy'>, 'cases': 32}, {'district': <District.Matale: 'Matale'>, 'cases': 7}, {'district': <District.Nuwara_Eliya: 'Nuwara Eliya'>, 'cases': 4}, {'district': <District.Galle: 'Galle'>, 'cases': 20}, {'district': <District.Hambantota: 'Hambantota'>, 'cases': 14}, {'district': <District.Matara: 'Matara'>, 'cases': 16}, {'district': <District.Jaffna: 'Jaffna'>, 'cases': 17}, {'district': <District.Kilinochchi: 'Kilinochchi'>, 'cases': 2}, {'district': <District.Mannar: 'Mannar'>, 'cases': 2}, {'district': <District.Vavuniya: 'Vavuniya'>, 'cases': 0}, {'district': <District.Mullaitivu: 'Mullaitivu'>, 'cases': 1}, {'district': <District.Batticaloa: 'Batticaloa'>, 'cases': 1}, {'district': <District.Ampara: 'Ampara'>, 'cases': 3}, {'district': <District.Trincomalee: 'Trincomalee'>, 'cases': 5}, {'district': <District.Kurunegala: 'Kurunegala'>, 'cases': 43}, {'district': <District.Puttalam: 'Puttalam'>, 'cases': 16}, {'district': <District.Anuradhapura: 'Anuradhapura'>, 'cases': 15}, {'district': <District.Polonnaruwa: 'Polonnaruwa'>, 'cases': 13}, {'district': <District.Badulla: 'Badulla'>, 'cases': 14}, {'district': <District.Moneragala: 'Moneragala'>, 'cases': 2}, {'district': <District.Ratnapura: 'Ratnapura'>, 'cases': 25}, {'district': <District.Kegalle: 'Kegalle'>, 'cases': 26}, {'district': <District.Kalmunai: 'Kalmunai'>, 'cases': 39}]"
2019-10-05,2019-10-11,2340,"[{'district': <District.Colombo: 'Colombo'>, 'cases': 582}, {'district': <District.Gampaha: 'Gampaha'>, 'cases': 357}, {'district': <District.Kalutara: 'Kalutara'>, 'cases': 215}, {'district': <District.Kandy: 'Kandy'>, 'cases': 316}, {'district': <District.Matale: 'Matale'>, 'cases': 34}, {'district': <District.Nuwara_Eliya: 'Nuwara Eliya'>, 'cases': 10}, {'district': <District.Galle: 'Galle'>, 'cases': 97}, {'district': <District.Hambantota: 'Hambantota'>, 'cases': 47}, {'district': <District.Matara: 'Matara'>, 'cases': 110}, {'district': <District.Jaffna: 'Jaffna'>, 'cases': 92}, {'district': <District.Kilinochchi: 'Kilinochchi'>, 'cases': 6}, {'district': <District.Mannar: 'Mannar'>, 'cases': 5}, {'district': <District.Vavuniya: 'Vavuniya'>, 'cases': 16}, {'district': <District.Mullaitivu: 'Mullaitivu'>, 'cases': 3}, {'district': <District.Batticaloa: 'Batticaloa'>, 'cases': 39}, {'district': <District.Ampara: 'Ampara'>, 'cases': 12}, {'district': <District.Trincomalee: 'Trincomalee'>, 'cases': 5}, {'district': <District.Kurunegala: 'Kurunegala'>, 'cases': 59}, {'district': <District.Puttalam: 'Puttalam'>, 'cases': 72}, {'district': <District.Anuradhapura: 'Anuradhapura'>, 'cases': 15}, {'district': <District.Polonnaruwa: 'Polonnaruwa'>, 'cases': 14}, {'district': <District.Badulla: 'Badulla'>, 'cases': 37}, {'district': <District.Moneragala: 'Moneragala'>, 'cases': 0}, {'district': <District.Ratnapura: 'Ratnapura'>, 'cases': 114}, {'district': <District.Kegalle: 'Kegalle'>, 'cases': 73}, {'district': <District.Kalmunai: 'Kalmunai'>, 'cases': 10}]"
2007-11-17,2007-11-23,213,"[{'district': <District.Colombo: 'Colombo'>, 'cases': 54}, {'district': <District.Gampaha: 'Gampaha'>, 'cases': 38}, {'district': <District.Kalutara: 'Kalutara'>, 'cases': 9}, {'district': <District.Kandy: 'Kandy'>, 'cases': 8}, {'district': <District.Matale: 'Matale'>, 'cases': 3}, {'district': <District.Nuwara_Eliya: 'Nuwara Eliya'>, 'cases': 0}, {'district': <District.Galle: 'Galle'>, 'cases': 4}, {'district': <District.Hambantota: 'Hambantota'>, 'cases': 2}, {'district': <District.Matara: 'Matara'>, 'cases': 13}, {'district': <District.Jaffna: 'Jaffna'>, 'cases': 4}, {'district': <District.Kilinochchi: 'Kilinochchi'>, 'cases': 0}, {'district': <District.Mannar: 'Mannar'>, 'cases': 0}, {'district': <District.Vavuniya: 'Vavuniya'>, 'cases': 0}, {'district': <District.Mullaitivu: 'Mullaitivu'>, 'cases': 0}, {'district': <District.Batticaloa: 'Batticaloa'>, 'cases': 0}, {'district': <District.Ampara: 'Ampara'>, 'cases': 0}, {'district': <District.Trincomalee: 'Trincomalee'>, 'cases': 0}, {'district': <District.Kurunegala: 'Kurunegala'>, 'cases': 32}, {'district': <District.Puttalam: 'Puttalam'>, 'cases': 23}, {'district': <District.Anuradhapura: 'Anuradhapura'>, 'cases': 7}, {'district': <District.Polonnaruwa: 'Polonnaruwa'>, 'cases': 1}, {'district': <District.Badulla: 'Badulla'>, 'cases': 2}, {'district': <District.Moneragala: 'Moneragala'>, 'cases': 1}, {'district': <District.Ratnapura: 'Ratnapura'>, 'cases': 5}, {'district': <District.Kegalle: 'Kegalle'>, 'cases': 6}, {'district': <District.Kalmunai: 'Kalmunai'>, 'cases': 1}]"
2024-06-29,2024-07-05,875,"[{'district': <District.Colombo: 'Colombo'>, 'cases': 245}, {'district': <District.Gampaha: 'Gampaha'>, 'cases': 103}, {'district': <District.Kalutara: 'Kalutara'>, 'cases': 63}, {'district': <District.Kandy: 'Kandy'>, 'cases': 91}, {'district': <District.Matale: 'Matale'>, 'cases': 13}, {'district': <District.Nuwara_Eliya: 'Nuwara Eliya'>, 'cases': 10}, {'district': <District.Galle: 'Galle'>, 'cases': 32}, {'district': <District.Hambantota: 'Hambantota'>, 'cases': 10}, {'district': <District.Matara: 'Matara'>, 'cases': 13}, {'district': <District.Jaffna: 'Jaffna'>, 'cases': 20}, {'district': <District.Kilinochchi: 'Kilinochchi'>, 'cases': 0}, {'district': <District.Mannar: 'Mannar'>, 'cases': 3}, {'district': <District.Vavuniya: 'Vavuniya'>, 'cases': 1}, {'district': <District.Mullaitivu: 'Mullaitivu'>, 'cases': 1}, {'district': <District.Batticaloa: 'Batticaloa'>, 'cases': 15}, {'district': <District.Ampara: 'Ampara'>, 'cases': 7}, {'district': <District.Trincomalee: 'Trincomalee'>, 'cases': 10}, {'district': <District.Kurunegala: 'Kurunegala'>, 'cases': 47}, {'district': <District.Puttalam: 'Puttalam'>, 'cases': 27}, {'district': <District.Anuradhapura: 'Anuradhapura'>, 'cases': 3}, {'district': <District.Polonnaruwa: 'Polonnaruwa'>, 'cases': 13}, {'district': <District.Badulla: 'Badulla'>, 'cases': 21}, {'district': <District.Moneragala: 'Moneragala'>, 'cases': 13}, {'district': <District.Ratnapura: 'Ratnapura'>, 'cases': 58}, {'district': <District.Kegalle: 'Kegalle'>, 'cases': 40}, {'district': <District.Kalmunai: 'Kalmunai'>, 'cases': 16}]"
2010-12-11,2010-12-17,108,"[{'district': <District.Colombo: 'Colombo'>, 'cases': 23}, {'district': <District.Gampaha: 'Gampaha'>, 'cases': 7}, {'district': <District.Kalutara: 'Kalutara'>, 'cases': 2}, {'district': <District.Kandy: 'Kandy'>, 'cases': 2}, {'district': <District.Matale: 'Matale'>, 'cases': 8}, {'district': <District.Nuwara_Eliya: 'Nuwara Eliya'>, 'cases': 0}, {'district': <District.Galle: 'Galle'>, 'cases': 1}, {'district': <District.Hambantota: 'Hambantota'>, 'cases': 1}, {'district': <District.Matara: 'Matara'>, 'cases': 0}, {'district': <District.Jaffna: 'Jaffna'>, 'cases': 15}, {'district': <District.Kilinochchi: 'Kilinochchi'>, 'cases': 1}, {'district': <District.Mannar: 'Mannar'>, 'cases': 1}, {'district': <District.Vavuniya: 'Vavuniya'>, 'cases': 2}, {'district': <District.Mullaitivu: 'Mullaitivu'>, 'cases': 0}, {'district': <District.Batticaloa: 'Batticaloa'>, 'cases': 5}, {'district': <District.Ampara: 'Ampara'>, 'cases': 0}, {'district': <District.Trincomalee: 'Trincomalee'>, 'cases': 3}, {'district': <District.Kurunegala: 'Kurunegala'>, 'cases': 4}, {'district': <District.Puttalam: 'Puttalam'>, 'cases': 8}, {'district': <District.Anuradhapura: 'Anuradhapura'>, 'cases': 5}, {'district': <District.Polonnaruwa: 'Polonnaruwa'>, 'cases': 2}, {'district': <District.Badulla: 'Badulla'>, 'cases': 8}, {'district': <District.Moneragala: 'Moneragala'>, 'cases': 3}, {'district': <District.Ratnapura: 'Ratnapura'>, 'cases': 2}, {'district': <District.Kegalle: 'Kegalle'>, 'cases': 1}, {'district': <District.Kalmunai: 'Kalmunai'>, 'cases': 4}]"
2015-09-05,2015-09-11,271,"[{'district': <District.Colombo: 'Colombo'>, 'cases': 116}, {'district': <District.Gampaha: 'Gampaha'>, 'cases': 48}, {'district': <District.Kalutara: 'Kalutara'>, 'cases': 24}, {'district': <District.Kandy: 'Kandy'>, 'cases': 11}, {'district': <District.Matale: 'Matale'>, 'cases': 0}, {'district': <District.Nuwara_Eliya: 'Nuwara Eliya'>, 'cases': 2}, {'district': <District.Galle: 'Galle'>, 'cases': 11}, {'district': <District.Hambantota: 'Hambantota'>, 'cases': 9}, {'district': <District.Matara: 'Matara'>, 'cases': 4}, {'district': <District.Jaffna: 'Jaffna'>, 'cases': 14}, {'district': <District.Kilinochchi: 'Kilinochchi'>, 'cases': 0}, {'district': <District.Mannar: 'Mannar'>, 'cases': 0}, {'district': <District.Vavuniya: 'Vavuniya'>, 'cases': 1}, {'district': <District.Mullaitivu: 'Mullaitivu'>, 'cases': 1}, {'district': <District.Batticaloa: 'Batticaloa'>, 'cases': 1}, {'district': <District.Ampara: 'Ampara'>, 'cases': 0}, {'district': <District.Trincomalee: 'Trincomalee'>, 'cases': 2}, {'district': <District.Kurunegala: 'Kurunegala'>, 'cases': 7}, {'district': <District.Puttalam: 'Puttalam'>, 'cases': 1}, {'district': <District.Anuradhapura: 'Anuradhapura'>, 'cases': 3}, {'district': <District.Polonnaruwa: 'Polonnaruwa'>, 'cases': 1}, {'district': <District.Badulla: 'Badulla'>, 'cases': 1}, {'district': <District.Moneragala: 'Moneragala'>, 'cases': 0}, {'district': <District.Ratnapura: 'Ratnapura'>, 'cases': 10}, {'district': <District.Kegalle: 'Kegalle'>, 'cases': 4}, {'district': <District.Kalmunai: 'Kalmunai'>, 'cases': 0}]"
2024-07-06,2024-07-12,935,"[{'district': <District.Colombo: 'Colombo'>, 'cases': 292}, {'district': <District.Gampaha: 'Gampaha'>, 'cases': 139}, {'district': <District.Kalutara: 'Kalutara'>, 'cases': 60}, {'district': <District.Kandy: 'Kandy'>, 'cases': 110}, {'district': <District.Matale: 'Matale'>, 'cases': 14}, {'district': <District.Nuwara_Eliya: 'Nuwara Eliya'>, 'cases': 7}, {'district': <District.Galle: 'Galle'>, 'cases': 29}, {'district': <District.Hambantota: 'Hambantota'>, 'cases': 12}, {'district': <District.Matara: 'Matara'>, 'cases': 22}, {'district': <District.Jaffna: 'Jaffna'>, 'cases': 21}, {'district': <District.Kilinochchi: 'Kilinochchi'>, 'cases': 0}, {'district': <District.Mannar: 'Mannar'>, 'cases': 2}, {'district': <District.Vavuniya: 'Vavuniya'>, 'cases': 4}, {'district': <District.Mullaitivu: 'Mullaitivu'>, 'cases': 1}, {'district': <District.Batticaloa: 'Batticaloa'>, 'cases': 16}, {'district': <District.Ampara: 'Ampara'>, 'cases': 6}, {'district': <District.Trincomalee: 'Trincomalee'>, 'cases': 11}, {'district': <District.Kurunegala: 'Kurunegala'>, 'cases': 39}, {'district': <District.Puttalam: 'Puttalam'>, 'cases': 21}, {'district': <District.Anuradhapura: 'Anuradhapura'>, 'cases': 5}, {'district': <District.Polonnaruwa: 'Polonnaruwa'>, 'cases': 3}, {'district': <District.Badulla: 'Badulla'>, 'cases': 15}, {'district': <District.Moneragala: 'Moneragala'>, 'cases': 11}, {'district': <District.Ratnapura: 'Ratnapura'>, 'cases': 52}, {'district': <District.Kegalle: 'Kegalle'>, 'cases': 38}, {'district': <District.Kalmunai: 'Kalmunai'>, 'cases': 5}]"
2023-08-05,2023-08-11,1537,"[{'district': <District.Colombo: 'Colombo'>, 'cases': 275}, {'district': <District.Gampaha: 'Gampaha'>, 'cases': 190}, {'district': <District.Kalutara: 'Kalutara'>, 'cases': 98}, {'district': <District.Kandy: 'Kandy'>, 'cases': 325}, {'district': <District.Matale: 'Matale'>, 'cases': 69}, {'district': <District.Nuwara_Eliya: 'Nuwara Eliya'>, 'cases': 14}, {'district': <District.Galle: 'Galle'>, 'cases': 111}, {'district': <District.Hambantota: 'Hambantota'>, 'cases': 25}, {'district': <District.Matara: 'Matara'>, 'cases': 55}, {'district': <District.Jaffna: 'Jaffna'>, 'cases': 29}, {'district': <District.Kilinochchi: 'Kilinochchi'>, 'cases': 1}, {'district': <District.Mannar: 'Mannar'>, 'cases': 0}, {'district': <District.Vavuniya: 'Vavuniya'>, 'cases': 4}, {'district': <District.Mullaitivu: 'Mullaitivu'>, 'cases': 4}, {'district': <District.Batticaloa: 'Batticaloa'>, 'cases': 22}, {'district': <District.Ampara: 'Ampara'>, 'cases': 0}, {'district': <District.Trincomalee: 'Trincomalee'>, 'cases': 4}, {'district': <District.Kurunegala: 'Kurunegala'>, 'cases': 55}, {'district': <District.Puttalam: 'Puttalam'>, 'cases': 34}, {'district': <District.Anuradhapura: 'Anuradhapura'>, 'cases': 17}, {'district': <District.Polonnaruwa: 'Polonnaruwa'>, 'cases': 6}, {'district': <District.Badulla: 'Badulla'>, 'cases': 30}, {'district': <District.Moneragala: 'Moneragala'>, 'cases': 12}, {'district': <District.Ratnapura: 'Ratnapura'>, 'cases': 63}, {'district': <District.Kegalle: 'Kegalle'>, 'cases': 74}, {'district': <District.Kalmunai: 'Kalmunai'>, 'cases': 20}]"
2021-04-10,2021-04-16,385,"[{'district': <District.Colombo: 'Colombo'>, 'cases': 88}, {'district': <District.Gampaha: 'Gampaha'>, 'cases': 46}, {'district': <District.Kalutara: 'Kalutara'>, 'cases': 22}, {'district': <District.Kandy: 'Kandy'>, 'cases': 20}, {'district': <District.Matale: 'Matale'>, 'cases': 1}, {'district': <District.Nuwara_Eliya: 'Nuwara Eliya'>, 'cases': 3}, {'district': <District.Galle: 'Galle'>, 'cases': 5}, {'district': <District.Hambantota: 'Hambantota'>, 'cases': 8}, {'district': <District.Matara: 'Matara'>, 'cases': 10}, {'district': <District.Jaffna: 'Jaffna'>, 'cases': 0}, {'district': <District.Kilinochchi: 'Kilinochchi'>, 'cases': 0}, {'district': <District.Mannar: 'Mannar'>, 'cases': 0}, {'district': <District.Vavuniya: 'Vavuniya'>, 'cases': 2}, {'district': <District.Mullaitivu: 'Mullaitivu'>, 'cases': 0}, {'district': <District.Batticaloa: 'Batticaloa'>, 'cases': 44}, {'district': <District.Ampara: 'Ampara'>, 'cases': 0}, {'district': <District.Trincomalee: 'Trincomalee'>, 'cases': 3}, {'district': <District.Kurunegala: 'Kurunegala'>, 'cases': 54}, {'district': <District.Puttalam: 'Puttalam'>, 'cases': 16}, {'district': <District.Anuradhapura: 'Anuradhapura'>, 'cases': 10}, {'district': <District.Polonnaruwa: 'Polonnaruwa'>, 'cases': 2}, {'district': <District.Badulla: 'Badulla'>, 'cases': 4}, {'district': <District.Moneragala: 'Moneragala'>, 'cases': 2}, {'district': <District.Ratnapura: 'Ratnapura'>, 'cases': 17}, {'district': <District.Kegalle: 'Kegalle'>, 'cases': 18}, {'district': <District.Kalmunai: 'Kalmunai'>, 'cases': 10}]"
2014-05-17,2014-05-23,340,"[{'district': <District.Colombo: 'Colombo'>, 'cases': 154}, {'district': <District.Gampaha: 'Gampaha'>, 'cases': 35}, {'district': <District.Kalutara: 'Kalutara'>, 'cases': 25}, {'district': <District.Kandy: 'Kandy'>, 'cases': 4}, {'district': <District.Matale: 'Matale'>, 'cases': 2}, {'district': <District.Nuwara_Eliya: 'Nuwara Eliya'>, 'cases': 4}, {'district': <District.Galle: 'Galle'>, 'cases': 7}, {'district': <District.Hambantota: 'Hambantota'>, 'cases': 5}, {'district': <District.Matara: 'Matara'>, 'cases': 1}, {'district': <District.Jaffna: 'Jaffna'>, 'cases': 16}, {'district': <District.Kilinochchi: 'Kilinochchi'>, 'cases': 0}, {'district': <District.Mannar: 'Mannar'>, 'cases': 0}, {'district': <District.Vavuniya: 'Vavuniya'>, 'cases': 0}, {'district': <District.Mullaitivu: 'Mullaitivu'>, 'cases': 0}, {'district': <District.Batticaloa: 'Batticaloa'>, 'cases': 24}, {'district': <District.Ampara: 'Ampara'>, 'cases': 1}, {'district': <District.Trincomalee: 'Trincomalee'>, 'cases': 10}, {'district': <District.Kurunegala: 'Kurunegala'>, 'cases': 8}, {'district': <District.Puttalam: 'Puttalam'>, 'cases': 1}, {'district': <District.Anuradhapura: 'Anuradhapura'>, 'cases': 0}, {'district': <District.Polonnaruwa: 'Polonnaruwa'>, 'cases': 0}, {'district': <District.Badulla: 'Badulla'>, 'cases': 4}, {'district': <District.Moneragala: 'Moneragala'>, 'cases': 1}, {'district': <District.Ratnapura: 'Ratnapura'>, 'cases': 15}, {'district': <District.Kegalle: 'Kegalle'>, 'cases': 22}, {'district': <District.Kalmunai: 'Kalmunai'>, 'cases': 1}]"
2007-05-05,2007-05-11,34,"[{'district': <District.Colombo: 'Colombo'>, 'cases': 11}, {'district': <District.Gampaha: 'Gampaha'>, 'cases': 0}, {'district': <District.Kalutara: 'Kalutara'>, 'cases': 1}, {'district': <District.Kandy: 'Kandy'>, 'cases': 2}, {'district': <District.Matale: 'Matale'>, 'cases': 0}, {'district': <District.Nuwara_Eliya: 'Nuwara Eliya'>, 'cases': 0}, {'district': <District.Galle: 'Galle'>, 'cases': 0}, {'district': <District.Hambantota: 'Hambantota'>, 'cases': 0}, {'district': <District.Matara: 'Matara'>, 'cases': 2}, {'district': <District.Jaffna: 'Jaffna'>, 'cases': 0}, {'district': <District.Kilinochchi: 'Kilinochchi'>, 'cases': 0}, {'district': <District.Mannar: 'Mannar'>, 'cases': 0}, {'district': <District.Vavuniya: 'Vavuniya'>, 'cases': 0}, {'district': <District.Mullaitivu: 'Mullaitivu'>, 'cases': 0}, {'district': <District.Batticaloa: 'Batticaloa'>, 'cases': 6}, {'district': <District.Ampara: 'Ampara'>, 'cases': 0}, {'district': <District.Trincomalee: 'Trincomalee'>, 'cases': 1}, {'district': <District.Kurunegala: 'Kurunegala'>, 'cases': 3}, {'district': <District.Puttalam: 'Puttalam'>, 'cases': 0}, {'district': <District.Anuradhapura: 'Anuradhapura'>, 'cases': 1}, {'district': <District.Polonnaruwa: 'Polonnaruwa'>, 'cases': 0}, {'district': <District.Badulla: 'Badulla'>, 'cases': 0}, {'district': <District.Moneragala: 'Moneragala'>, 'cases': 1}, {'district': <District.Ratnapura: 'Ratnapura'>, 'cases': 3}, {'district': <District.Kegalle: 'Kegalle'>, 'cases': 1}, {'district': <District.Kalmunai: 'Kalmunai'>, 'cases': 0}]"
2016-04-02,2016-04-08,489,"[{'district': <District.Colombo: 'Colombo'>, 'cases': 20}, {'district': <District.Gampaha: 'Gampaha'>, 'cases': 39}, {'district': <District.Kalutara: 'Kalutara'>, 'cases': 23}, {'district': <District.Kandy: 'Kandy'>, 'cases': 18}, {'district': <District.Matale: 'Matale'>, 'cases': 4}, {'district': <District.Nuwara_Eliya: 'Nuwara Eliya'>, 'cases': 7}, {'district': <District.Galle: 'Galle'>, 'cases': 27}, {'district': <District.Hambantota: 'Hambantota'>, 'cases': 11}, {'district': <District.Matara: 'Matara'>, 'cases': 7}, {'district': <District.Jaffna: 'Jaffna'>, 'cases': 25}, {'district': <District.Kilinochchi: 'Kilinochchi'>, 'cases': 2}, {'district': <District.Mannar: 'Mannar'>, 'cases': 2}, {'district': <District.Vavuniya: 'Vavuniya'>, 'cases': 6}, {'district': <District.Mullaitivu: 'Mullaitivu'>, 'cases': 4}, {'district': <District.Batticaloa: 'Batticaloa'>, 'cases': 6}, {'district': <District.Ampara: 'Ampara'>, 'cases': 5}, {'district': <District.Trincomalee: 'Trincomalee'>, 'cases': 9}, {'district': <District.Kurunegala: 'Kurunegala'>, 'cases': 21}, {'district': <District.Puttalam: 'Puttalam'>, 'cases': 4}, {'district': <District.Anuradhapura: 'Anuradhapura'>, 'cases': 8}, {'district': <District.Polonnaruwa: 'Polonnaruwa'>, 'cases': 4}, {'district': <District.Badulla: 'Badulla'>, 'cases': 2}, {'district': <District.Moneragala: 'Moneragala'>, 'cases': 8}, {'district': <District.Ratnapura: 'Ratnapura'>, 'cases': 38}, {'district': <District.Kegalle: 'Kegalle'>, 'cases': 5}, {'district': <District.Kalmunai: 'Kalmunai'>, 'cases': 0}]"
2017-07-08,2017-07-14,9974,"[{'district': <District.Colombo: 'Colombo'>, 'cases': 1779}, {'district': <District.Gampaha: 'Gampaha'>, 'cases': 1802}, {'district': <District.Kalutara: 'Kalutara'>, 'cases': 598}, {'district': <District.Kandy: 'Kandy'>, 'cases': 1002}, {'district': <District.Matale: 'Matale'>, 'cases': 204}, {'district': <District.Nuwara_Eliya: 'Nuwara Eliya'>, 'cases': 80}, {'district': <District.Galle: 'Galle'>, 'cases': 287}, {'district': <District.Hambantota: 'Hambantota'>, 'cases': 117}, {'district': <District.Matara: 'Matara'>, 'cases': 464}, {'district': <District.Jaffna: 'Jaffna'>, 'cases': 86}, {'district': <District.Kilinochchi: 'Kilinochchi'>, 'cases': 27}, {'district': <District.Mannar: 'Mannar'>, 'cases': 8}, {'district': <District.Vavuniya: 'Vavuniya'>, 'cases': 44}, {'district': <District.Mullaitivu: 'Mullaitivu'>, 'cases': 25}, {'district': <District.Batticaloa: 'Batticaloa'>, 'cases': 85}, {'district': <District.Ampara: 'Ampara'>, 'cases': 55}, {'district': <District.Trincomalee: 'Trincomalee'>, 'cases': 33}, {'district': <District.Kurunegala: 'Kurunegala'>, 'cases': 564}, {'district': <District.Puttalam: 'Puttalam'>, 'cases': 341}, {'district': <District.Anuradhapura: 'Anuradhapura'>, 'cases': 244}, {'district': <District.Polonnaruwa: 'Polonnaruwa'>, 'cases': 123}, {'district': <District.Badulla: 'Badulla'>, 'cases': 278}, {'district': <District.Moneragala: 'Moneragala'>, 'cases': 168}, {'district': <District.Ratnapura: 'Ratnapura'>, 'cases': 920}, {'district': <District.Kegalle: 'Kegalle'>, 'cases': 632}, {'district': <District.Kalmunai: 'Kalmunai'>, 'cases': 52}]"
2024-04-13,2024-04-19,427,"[{'district': <District.Colombo: 'Colombo'>, 'cases': 68}, {'district': <District.Gampaha: 'Gampaha'>, 'cases': 46}, {'district': <District.Kalutara: 'Kalutara'>, 'cases': 35}, {'district': <District.Kandy: 'Kandy'>, 'cases': 44}, {'district': <District.Matale: 'Matale'>, 'cases': 6}, {'district': <District.Nuwara_Eliya: 'Nuwara Eliya'>, 'cases': 1}, {'district': <District.Galle: 'Galle'>, 'cases': 18}, {'district': <District.Hambantota: 'Hambantota'>, 'cases': 10}, {'district': <District.Matara: 'Matara'>, 'cases': 11}, {'district': <District.Jaffna: 'Jaffna'>, 'cases': 42}, {'district': <District.Kilinochchi: 'Kilinochchi'>, 'cases': 3}, {'district': <District.Mannar: 'Mannar'>, 'cases': 2}, {'district': <District.Vavuniya: 'Vavuniya'>, 'cases': 0}, {'district': <District.Mullaitivu: 'Mullaitivu'>, 'cases': 2}, {'district': <District.Batticaloa: 'Batticaloa'>, 'cases': 20}, {'district': <District.Ampara: 'Ampara'>, 'cases': 2}, {'district': <District.Trincomalee: 'Trincomalee'>, 'cases': 9}, {'district': <District.Kurunegala: 'Kurunegala'>, 'cases': 6}, {'district': <District.Puttalam: 'Puttalam'>, 'cases': 8}, {'district': <District.Anuradhapura: 'Anuradhapura'>, 'cases': 5}, {'district': <District.Polonnaruwa: 'Polonnaruwa'>, 'cases': 4}, {'district': <District.Badulla: 'Badulla'>, 'cases': 3}, {'district': <District.Moneragala: 'Moneragala'>, 'cases': 12}, {'district': <District.Ratnapura: 'Ratnapura'>, 'cases': 39}, {'district': <District.Kegalle: 'Kegalle'>, 'cases': 25}, {'district': <District.Kalmunai: 'Kalmunai'>, 'cases': 6}]"
2015-11-14,2015-11-20,444,"[{'district': <District.Colombo: 'Colombo'>, 'cases': 190}, {'district': <District.Gampaha: 'Gampaha'>, 'cases': 34}, {'district': <District.Kalutara: 'Kalutara'>, 'cases': 36}, {'district': <District.Kandy: 'Kandy'>, 'cases': 19}, {'district': <District.Matale: 'Matale'>, 'cases': 3}, {'district': <District.Nuwara_Eliya: 'Nuwara Eliya'>, 'cases': 4}, {'district': <District.Galle: 'Galle'>, 'cases': 16}, {'district': <District.Hambantota: 'Hambantota'>, 'cases': 9}, {'district': <District.Matara: 'Matara'>, 'cases': 10}, {'district': <District.Jaffna: 'Jaffna'>, 'cases': 38}, {'district': <District.Kilinochchi: 'Kilinochchi'>, 'cases': 0}, {'district': <District.Mannar: 'Mannar'>, 'cases': 0}, {'district': <District.Vavuniya: 'Vavuniya'>, 'cases': 7}, {'district': <District.Mullaitivu: 'Mullaitivu'>, 'cases': 0}, {'district': <District.Batticaloa: 'Batticaloa'>, 'cases': 4}, {'district': <District.Ampara: 'Ampara'>, 'cases': 0}, {'district': <District.Trincomalee: 'Trincomalee'>, 'cases': 3}, {'district': <District.Kurunegala: 'Kurunegala'>, 'cases': 12}, {'district': <District.Puttalam: 'Puttalam'>, 'cases': 3}, {'district': <District.Anuradhapura: 'Anuradhapura'>, 'cases': 6}, {'district': <District.Polonnaruwa: 'Polonnaruwa'>, 'cases': 2}, {'district': <District.Badulla: 'Badulla'>, 'cases': 6}, {'district': <District.Moneragala: 'Moneragala'>, 'cases': 3}, {'district': <District.Ratnapura: 'Ratnapura'>, 'cases': 12}, {'district': <District.Kegalle: 'Kegalle'>, 'cases': 24}, {'district': <District.Kalmunai: 'Kalmunai'>, 'cases': 3}]"
2014-12-13,2014-12-19,998,"[{'district': <District.Colombo: 'Colombo'>, 'cases': 326}, {'district': <District.Gampaha: 'Gampaha'>, 'cases': 68}, {'district': <District.Kalutara: 'Kalutara'>, 'cases': 60}, {'district': <District.Kandy: 'Kandy'>, 'cases': 73}, {'district': <District.Matale: 'Matale'>, 'cases': 30}, {'district': <District.Nuwara_Eliya: 'Nuwara Eliya'>, 'cases': 5}, {'district': <District.Galle: 'Galle'>, 'cases': 13}, {'district': <District.Hambantota: 'Hambantota'>, 'cases': 11}, {'district': <District.Matara: 'Matara'>, 'cases': 24}, {'district': <District.Jaffna: 'Jaffna'>, 'cases': 114}, {'district': <District.Kilinochchi: 'Kilinochchi'>, 'cases': 2}, {'district': <District.Mannar: 'Mannar'>, 'cases': 6}, {'district': <District.Vavuniya: 'Vavuniya'>, 'cases': 7}, {'district': <District.Mullaitivu: 'Mullaitivu'>, 'cases': 6}, {'district': <District.Batticaloa: 'Batticaloa'>, 'cases': 39}, {'district': <District.Ampara: 'Ampara'>, 'cases': 1}, {'district': <District.Trincomalee: 'Trincomalee'>, 'cases': 19}, {'district': <District.Kurunegala: 'Kurunegala'>, 'cases': 55}, {'district': <District.Puttalam: 'Puttalam'>, 'cases': 27}, {'district': <District.Anuradhapura: 'Anuradhapura'>, 'cases': 23}, {'district': <District.Polonnaruwa: 'Polonnaruwa'>, 'cases': 10}, {'district': <District.Badulla: 'Badulla'>, 'cases': 11}, {'district': <District.Moneragala: 'Moneragala'>, 'cases': 11}, {'district': <District.Ratnapura: 'Ratnapura'>, 'cases': 14}, {'district': <District.Kegalle: 'Kegalle'>, 'cases': 15}, {'district': <District.Kalmunai: 'Kalmunai'>, 'cases': 28}]"
2024-01-13,2024-01-19,2913,"[{'district': <District.Colombo: 'Colombo'>, 'cases': 549}, {'district': <District.Gampaha: 'Gampaha'>, 'cases': 111}, {'district': <District.Kalutara: 'Kalutara'>, 'cases': 103}, {'district': <District.Kandy: 'Kandy'>, 'cases': 199}, {'district': <District.Matale: 'Matale'>, 'cases': 39}, {'district': <District.Nuwara_Eliya: 'Nuwara Eliya'>, 'cases': 28}, {'district': <District.Galle: 'Galle'>, 'cases': 84}, {'district': <District.Hambantota: 'Hambantota'>, 'cases': 55}, {'district': <District.Matara: 'Matara'>, 'cases': 35}, {'district': <District.Jaffna: 'Jaffna'>, 'cases': 805}, {'district': <District.Kilinochchi: 'Kilinochchi'>, 'cases': 52}, {'district': <District.Mannar: 'Mannar'>, 'cases': 35}, {'district': <District.Vavuniya: 'Vavuniya'>, 'cases': 27}, {'district': <District.Mullaitivu: 'Mullaitivu'>, 'cases': 26}, {'district': <District.Batticaloa: 'Batticaloa'>, 'cases': 123}, {'district': <District.Ampara: 'Ampara'>, 'cases': 10}, {'district': <District.Trincomalee: 'Trincomalee'>, 'cases': 50}, {'district': <District.Kurunegala: 'Kurunegala'>, 'cases': 127}, {'district': <District.Puttalam: 'Puttalam'>, 'cases': 92}, {'district': <District.Anuradhapura: 'Anuradhapura'>, 'cases': 28}, {'district': <District.Polonnaruwa: 'Polonnaruwa'>, 'cases': 12}, {'district': <District.Badulla: 'Badulla'>, 'cases': 78}, {'district': <District.Moneragala: 'Moneragala'>, 'cases': 29}, {'district': <District.Ratnapura: 'Ratnapura'>, 'cases': 77}, {'district': <District.Kegalle: 'Kegalle'>, 'cases': 104}, {'district': <District.Kalmunai: 'Kalmunai'>, 'cases': 35}]"
2022-01-29,2022-02-04,12,"[{'district': <District.Colombo: 'Colombo'>, 'cases': 20}, {'district': <District.Gampaha: 'Gampaha'>, 'cases': 17}, {'district': <District.Kalutara: 'Kalutara'>, 'cases': 64}, {'district': <District.Kandy: 'Kandy'>, 'cases': 66}, {'district': <District.Matale: 'Matale'>, 'cases': 13}, {'district': <District.Nuwara_Eliya: 'Nuwara Eliya'>, 'cases': 5}, {'district': <District.Galle: 'Galle'>, 'cases': 76}, {'district': <District.Hambantota: 'Hambantota'>, 'cases': 28}, {'district': <District.Matara: 'Matara'>, 'cases': 29}, {'district': <District.Jaffna: 'Jaffna'>, 'cases': 11}, {'district': <District.Kilinochchi: 'Kilinochchi'>, 'cases': 7}, {'district': <District.Mannar: 'Mannar'>, 'cases': 29}, {'district': <District.Vavuniya: 'Vavuniya'>, 'cases': 8}, {'district': <District.Mullaitivu: 'Mullaitivu'>, 'cases': 2}, {'district': <District.Batticaloa: 'Batticaloa'>, 'cases': 11}, {'district': <District.Ampara: 'Ampara'>, 'cases': 5}, {'district': <District.Trincomalee: 'Trincomalee'>, 'cases': 21}, {'district': <District.Kurunegala: 'Kurunegala'>, 'cases': 11}, {'district': <District.Puttalam: 'Puttalam'>, 'cases': 88}, {'district': <District.Anuradhapura: 'Anuradhapura'>, 'cases': 14}, {'district': <District.Polonnaruwa: 'Polonnaruwa'>, 'cases': 6}, {'district': <District.Badulla: 'Badulla'>, 'cases': 63}, {'district': <District.Moneragala: 'Moneragala'>, 'cases': 11}, {'district': <District.Ratnapura: 'Ratnapura'>, 'cases': 49}, {'district': <District.Kegalle: 'Kegalle'>, 'cases': 65}, {'district': <District.Kalmunai: 'Kalmunai'>, 'cases': 7}]"
2015-05-23,2015-05-29,296,"[{'district': <District.Colombo: 'Colombo'>, 'cases': 121}, {'district': <District.Gampaha: 'Gampaha'>, 'cases': 48}, {'district': <District.Kalutara: 'Kalutara'>, 'cases': 7}, {'district': <District.Kandy: 'Kandy'>, 'cases': 8}, {'district': <District.Matale: 'Matale'>, 'cases': 2}, {'district': <District.Nuwara_Eliya: 'Nuwara Eliya'>, 'cases': 2}, {'district': <District.Galle: 'Galle'>, 'cases': 0}, {'district': <District.Hambantota: 'Hambantota'>, 'cases': 0}, {'district': <District.Matara: 'Matara'>, 'cases': 5}, {'district': <District.Jaffna: 'Jaffna'>, 'cases': 16}, {'district': <District.Kilinochchi: 'Kilinochchi'>, 'cases': 0}, {'district': <District.Mannar: 'Mannar'>, 'cases': 1}, {'district': <District.Vavuniya: 'Vavuniya'>, 'cases': 3}, {'district': <District.Mullaitivu: 'Mullaitivu'>, 'cases': 1}, {'district': <District.Batticaloa: 'Batticaloa'>, 'cases': 23}, {'district': <District.Ampara: 'Ampara'>, 'cases': 1}, {'district': <District.Trincomalee: 'Trincomalee'>, 'cases': 14}, {'district': <District.Kurunegala: 'Kurunegala'>, 'cases': 11}, {'district': <District.Puttalam: 'Puttalam'>, 'cases': 4}, {'district': <District.Anuradhapura: 'Anuradhapura'>, 'cases': 2}, {'district': <District.Polonnaruwa: 'Polonnaruwa'>, 'cases': 0}, {'district': <District.Badulla: 'Badulla'>, 'cases': 7}, {'district': <District.Moneragala: 'Moneragala'>, 'cases': 1}, {'district': <District.Ratnapura: 'Ratnapura'>, 'cases': 11}, {'district': <District.Kegalle: 'Kegalle'>, 'cases': 6}, {'district': <District.Kalmunai: 'Kalmunai'>, 'cases': 2}]"
2014-08-16,2014-08-22,650,"[{'district': <District.Colombo: 'Colombo'>, 'cases': 184}, {'district': <District.Gampaha: 'Gampaha'>, 'cases': 67}, {'district': <District.Kalutara: 'Kalutara'>, 'cases': 38}, {'district': <District.Kandy: 'Kandy'>, 'cases': 50}, {'district': <District.Matale: 'Matale'>, 'cases': 7}, {'district': <District.Nuwara_Eliya: 'Nuwara Eliya'>, 'cases': 11}, {'district': <District.Galle: 'Galle'>, 'cases': 0}, {'district': <District.Hambantota: 'Hambantota'>, 'cases': 14}, {'district': <District.Matara: 'Matara'>, 'cases': 17}, {'district': <District.Jaffna: 'Jaffna'>, 'cases': 28}, {'district': <District.Kilinochchi: 'Kilinochchi'>, 'cases': 0}, {'district': <District.Mannar: 'Mannar'>, 'cases': 0}, {'district': <District.Vavuniya: 'Vavuniya'>, 'cases': 1}, {'district': <District.Mullaitivu: 'Mullaitivu'>, 'cases': 1}, {'district': <District.Batticaloa: 'Batticaloa'>, 'cases': 5}, {'district': <District.Ampara: 'Ampara'>, 'cases': 4}, {'district': <District.Trincomalee: 'Trincomalee'>, 'cases': 2}, {'district': <District.Kurunegala: 'Kurunegala'>, 'cases': 70}, {'district': <District.Puttalam: 'Puttalam'>, 'cases': 5}, {'district': <District.Anuradhapura: 'Anuradhapura'>, 'cases': 2}, {'district': <District.Polonnaruwa: 'Polonnaruwa'>, 'cases': 6}, {'district': <District.Badulla: 'Badulla'>, 'cases': 22}, {'district': <District.Moneragala: 'Moneragala'>, 'cases': 7}, {'district': <District.Ratnapura: 'Ratnapura'>, 'cases': 59}, {'district': <District.Kegalle: 'Kegalle'>, 'cases': 50}, {'district': <District.Kalmunai: 'Kalmunai'>, 'cases': 0}]"
2019-02-23,2019-03-01,742,"[{'district': <District.Colombo: 'Colombo'>, 'cases': 144}, {'district': <District.Gampaha: 'Gampaha'>, 'cases': 69}, {'district': <District.Kalutara: 'Kalutara'>, 'cases': 40}, {'district': <District.Kandy: 'Kandy'>, 'cases': 47}, {'district': <District.Matale: 'Matale'>, 'cases': 16}, {'district': <District.Nuwara_Eliya: 'Nuwara Eliya'>, 'cases': 4}, {'district': <District.Galle: 'Galle'>, 'cases': 19}, {'district': <District.Hambantota: 'Hambantota'>, 'cases': 12}, {'district': <District.Matara: 'Matara'>, 'cases': 21}, {'district': <District.Jaffna: 'Jaffna'>, 'cases': 86}, {'district': <District.Kilinochchi: 'Kilinochchi'>, 'cases': 6}, {'district': <District.Mannar: 'Mannar'>, 'cases': 1}, {'district': <District.Vavuniya: 'Vavuniya'>, 'cases': 4}, {'district': <District.Mullaitivu: 'Mullaitivu'>, 'cases': 3}, {'district': <District.Batticaloa: 'Batticaloa'>, 'cases': 70}, {'district': <District.Ampara: 'Ampara'>, 'cases': 4}, {'district': <District.Trincomalee: 'Trincomalee'>, 'cases': 19}, {'district': <District.Kurunegala: 'Kurunegala'>, 'cases': 33}, {'district': <District.Puttalam: 'Puttalam'>, 'cases': 15}, {'district': <District.Anuradhapura: 'Anuradhapura'>, 'cases': 12}, {'district': <District.Polonnaruwa: 'Polonnaruwa'>, 'cases': 6}, {'district': <District.Badulla: 'Badulla'>, 'cases': 17}, {'district': <District.Moneragala: 'Moneragala'>, 'cases': 8}, {'district': <District.Ratnapura: 'Ratnapura'>, 'cases': 38}, {'district': <District.Kegalle: 'Kegalle'>, 'cases': 29}, {'district': <District.Kalmunai: 'Kalmunai'>, 'cases': 19}]"
2009-09-05,2009-09-11,435,"[{'district': <District.Colombo: 'Colombo'>, 'cases': 58}, {'district': <District.Gampaha: 'Gampaha'>, 'cases': 64}, {'district': <District.Kalutara: 'Kalutara'>, 'cases': 15}, {'district': <District.Kandy: 'Kandy'>, 'cases': 39}, {'district': <District.Matale: 'Matale'>, 'cases': 32}, {'district': <District.Nuwara_Eliya: 'Nuwara Eliya'>, 'cases': 2}, {'district': <District.Galle: 'Galle'>, 'cases': 22}, {'district': <District.Hambantota: 'Hambantota'>, 'cases': 19}, {'district': <District.Matara: 'Matara'>, 'cases': 17}, {'district': <District.Jaffna: 'Jaffna'>, 'cases': 0}, {'district': <District.Kilinochchi: 'Kilinochchi'>, 'cases': 0}, {'district': <District.Mannar: 'Mannar'>, 'cases': 0}, {'district': <District.Vavuniya: 'Vavuniya'>, 'cases': 11}, {'district': <District.Mullaitivu: 'Mullaitivu'>, 'cases': 0}, {'district': <District.Batticaloa: 'Batticaloa'>, 'cases': 3}, {'district': <District.Ampara: 'Ampara'>, 'cases': 2}, {'district': <District.Trincomalee: 'Trincomalee'>, 'cases': 0}, {'district': <District.Kurunegala: 'Kurunegala'>, 'cases': 57}, {'district': <District.Puttalam: 'Puttalam'>, 'cases': 6}, {'district': <District.Anuradhapura: 'Anuradhapura'>, 'cases': 3}, {'district': <District.Polonnaruwa: 'Polonnaruwa'>, 'cases': 7}, {'district': <District.Badulla: 'Badulla'>, 'cases': 5}, {'district': <District.Moneragala: 'Moneragala'>, 'cases': 2}, {'district': <District.Ratnapura: 'Ratnapura'>, 'cases': 20}, {'district': <District.Kegalle: 'Kegalle'>, 'cases': 44}, {'district': <District.Kalmunai: 'Kalmunai'>, 'cases': 7}]"
2025-04-19,2025-04-25,969,"[{'district': <District.Colombo: 'Colombo'>, 'cases': 230}, {'district': <District.Gampaha: 'Gampaha'>, 'cases': 171}, {'district': <District.Kalutara: 'Kalutara'>, 'cases': 42}, {'district': <District.Kandy: 'Kandy'>, 'cases': 53}, {'district': <District.Matale: 'Matale'>, 'cases': 28}, {'district': <District.Nuwara_Eliya: 'Nuwara Eliya'>, 'cases': 3}, {'district': <District.Galle: 'Galle'>, 'cases': 23}, {'district': <District.Hambantota: 'Hambantota'>, 'cases': 12}, {'district': <District.Matara: 'Matara'>, 'cases': 35}, {'district': <District.Jaffna: 'Jaffna'>, 'cases': 18}, {'district': <District.Kilinochchi: 'Kilinochchi'>, 'cases': 1}, {'district': <District.Mannar: 'Mannar'>, 'cases': 2}, {'district': <District.Vavuniya: 'Vavuniya'>, 'cases': 5}, {'district': <District.Mullaitivu: 'Mullaitivu'>, 'cases': 1}, {'district': <District.Batticaloa: 'Batticaloa'>, 'cases': 62}, {'district': <District.Ampara: 'Ampara'>, 'cases': 6}, {'district': <District.Trincomalee: 'Trincomalee'>, 'cases': 44}, {'district': <District.Kurunegala: 'Kurunegala'>, 'cases': 13}, {'district': <District.Puttalam: 'Puttalam'>, 'cases': 7}, {'district': <District.Anuradhapura: 'Anuradhapura'>, 'cases': 4}, {'district': <District.Polonnaruwa: 'Polonnaruwa'>, 'cases': 5}, {'district': <District.Badulla: 'Badulla'>, 'cases': 11}, {'district': <District.Moneragala: 'Moneragala'>, 'cases': 27}, {'district': <District.Ratnapura: 'Ratnapura'>, 'cases': 146}, {'district': <District.Kegalle: 'Kegalle'>, 'cases': 13}, {'district': <District.Kalmunai: 'Kalmunai'>, 'cases': 7}]"
2015-12-19,2015-12-25,460,"[{'district': <District.Colombo: 'Colombo'>, 'cases': 174}, {'district': <District.Gampaha: 'Gampaha'>, 'cases': 14}, {'district': <District.Kalutara: 'Kalutara'>, 'cases': 33}, {'district': <District.Kandy: 'Kandy'>, 'cases': 17}, {'district': <District.Matale: 'Matale'>, 'cases': 0}, {'district': <District.Nuwara_Eliya: 'Nuwara Eliya'>, 'cases': 3}, {'district': <District.Galle: 'Galle'>, 'cases': 18}, {'district': <District.Hambantota: 'Hambantota'>, 'cases': 3}, {'district': <District.Matara: 'Matara'>, 'cases': 5}, {'district': <District.Jaffna: 'Jaffna'>, 'cases': 79}, {'district': <District.Kilinochchi: 'Kilinochchi'>, 'cases': 0}, {'district': <District.Mannar: 'Mannar'>, 'cases': 6}, {'district': <District.Vavuniya: 'Vavuniya'>, 'cases': 18}, {'district': <District.Mullaitivu: 'Mullaitivu'>, 'cases': 1}, {'district': <District.Batticaloa: 'Batticaloa'>, 'cases': 8}, {'district': <District.Ampara: 'Ampara'>, 'cases': 0}, {'district': <District.Trincomalee: 'Trincomalee'>, 'cases': 8}, {'district': <District.Kurunegala: 'Kurunegala'>, 'cases': 16}, {'district': <District.Puttalam: 'Puttalam'>, 'cases': 6}, {'district': <District.Anuradhapura: 'Anuradhapura'>, 'cases': 1}, {'district': <District.Polonnaruwa: 'Polonnaruwa'>, 'cases': 0}, {'district': <District.Badulla: 'Badulla'>, 'cases': 7}, {'district': <District.Moneragala: 'Moneragala'>, 'cases': 4}, {'district': <District.Ratnapura: 'Ratnapura'>, 'cases': 15}, {'district': <District.Kegalle: 'Kegalle'>, 'cases': 9}, {'district': <District.Kalmunai: 'Kalmunai'>, 'cases': 15}]"
2024-03-02,2024-03-08,1136,"[{'district': <District.Colombo: 'Colombo'>, 'cases': 252}, {'district': <District.Gampaha: 'Gampaha'>, 'cases': 102}, {'district': <District.Kalutara: 'Kalutara'>, 'cases': 54}, {'district': <District.Kandy: 'Kandy'>, 'cases': 58}, {'district': <District.Matale: 'Matale'>, 'cases': 16}, {'district': <District.Nuwara_Eliya: 'Nuwara Eliya'>, 'cases': 6}, {'district': <District.Galle: 'Galle'>, 'cases': 75}, {'district': <District.Hambantota: 'Hambantota'>, 'cases': 18}, {'district': <District.Matara: 'Matara'>, 'cases': 15}, {'district': <District.Jaffna: 'Jaffna'>, 'cases': 148}, {'district': <District.Kilinochchi: 'Kilinochchi'>, 'cases': 9}, {'district': <District.Mannar: 'Mannar'>, 'cases': 4}, {'district': <District.Vavuniya: 'Vavuniya'>, 'cases': 3}, {'district': <District.Mullaitivu: 'Mullaitivu'>, 'cases': 2}, {'district': <District.Batticaloa: 'Batticaloa'>, 'cases': 51}, {'district': <District.Ampara: 'Ampara'>, 'cases': 7}, {'district': <District.Trincomalee: 'Trincomalee'>, 'cases': 26}, {'district': <District.Kurunegala: 'Kurunegala'>, 'cases': 58}, {'district': <District.Puttalam: 'Puttalam'>, 'cases': 21}, {'district': <District.Anuradhapura: 'Anuradhapura'>, 'cases': 50}, {'district': <District.Polonnaruwa: 'Polonnaruwa'>, 'cases': 7}, {'district': <District.Badulla: 'Badulla'>, 'cases': 8}, {'district': <District.Moneragala: 'Moneragala'>, 'cases': 25}, {'district': <District.Ratnapura: 'Ratnapura'>, 'cases': 57}, {'district': <District.Kegalle: 'Kegalle'>, 'cases': 43}, {'district': <District.Kalmunai: 'Kalmunai'>, 'cases': 21}]"
2014-10-25,2014-10-31,731,"[{'district': <District.Colombo: 'Colombo'>, 'cases': 211}, {'district': <District.Gampaha: 'Gampaha'>, 'cases': 119}, {'district': <District.Kalutara: 'Kalutara'>, 'cases': 32}, {'district': <District.Kandy: 'Kandy'>, 'cases': 68}, {'district': <District.Matale: 'Matale'>, 'cases': 20}, {'district': <District.Nuwara_Eliya: 'Nuwara Eliya'>, 'cases': 6}, {'district': <District.Galle: 'Galle'>, 'cases': 25}, {'district': <District.Hambantota: 'Hambantota'>, 'cases': 18}, {'district': <District.Matara: 'Matara'>, 'cases': 19}, {'district': <District.Jaffna: 'Jaffna'>, 'cases': 33}, {'district': <District.Kilinochchi: 'Kilinochchi'>, 'cases': 0}, {'district': <District.Mannar: 'Mannar'>, 'cases': 12}, {'district': <District.Vavuniya: 'Vavuniya'>, 'cases': 0}, {'district': <District.Mullaitivu: 'Mullaitivu'>, 'cases': 0}, {'district': <District.Batticaloa: 'Batticaloa'>, 'cases': 3}, {'district': <District.Ampara: 'Ampara'>, 'cases': 2}, {'district': <District.Trincomalee: 'Trincomalee'>, 'cases': 1}, {'district': <District.Kurunegala: 'Kurunegala'>, 'cases': 67}, {'district': <District.Puttalam: 'Puttalam'>, 'cases': 14}, {'district': <District.Anuradhapura: 'Anuradhapura'>, 'cases': 8}, {'district': <District.Polonnaruwa: 'Polonnaruwa'>, 'cases': 2}, {'district': <District.Badulla: 'Badulla'>, 'cases': 29}, {'district': <District.Moneragala: 'Moneragala'>, 'cases': 2}, {'district': <District.Ratnapura: 'Ratnapura'>, 'cases': 21}, {'district': <District.Kegalle: 'Kegalle'>, 'cases': 19}, {'district': <District.Kalmunai: 'Kalmunai'>, 'cases': 0}]"
2020-05-16,2020-05-22,178,"[{'district': <District.Colombo: 'Colombo'>, 'cases': 24}, {'district': <District.Gampaha: 'Gampaha'>, 'cases': 8}, {'district': <District.Kalutara: 'Kalutara'>, 'cases': 8}, {'district': <District.Kandy: 'Kandy'>, 'cases': 32}, {'district': <District.Matale: 'Matale'>, 'cases': 2}, {'district': <District.Nuwara_Eliya: 'Nuwara Eliya'>, 'cases': 1}, {'district': <District.Galle: 'Galle'>, 'cases': 8}, {'district': <District.Hambantota: 'Hambantota'>, 'cases': 1}, {'district': <District.Matara: 'Matara'>, 'cases': 0}, {'district': <District.Jaffna: 'Jaffna'>, 'cases': 9}, {'district': <District.Kilinochchi: 'Kilinochchi'>, 'cases': 0}, {'district': <District.Mannar: 'Mannar'>, 'cases': 1}, {'district': <District.Vavuniya: 'Vavuniya'>, 'cases': 1}, {'district': <District.Mullaitivu: 'Mullaitivu'>, 'cases': 0}, {'district': <District.Batticaloa: 'Batticaloa'>, 'cases': 12}, {'district': <District.Ampara: 'Ampara'>, 'cases': 1}, {'district': <District.Trincomalee: 'Trincomalee'>, 'cases': 6}, {'district': <District.Kurunegala: 'Kurunegala'>, 'cases': 0}, {'district': <District.Puttalam: 'Puttalam'>, 'cases': 3}, {'district': <District.Anuradhapura: 'Anuradhapura'>, 'cases': 3}, {'district': <District.Polonnaruwa: 'Polonnaruwa'>, 'cases': 0}, {'district': <District.Badulla: 'Badulla'>, 'cases': 6}, {'district': <District.Moneragala: 'Moneragala'>, 'cases': 0}, {'district': <District.Ratnapura: 'Ratnapura'>, 'cases': 36}, {'district': <District.Kegalle: 'Kegalle'>, 'cases': 14}, {'district': <District.Kalmunai: 'Kalmunai'>, 'cases': 2}]"
2009-11-21,2009-11-27,383,"[{'district': <District.Colombo: 'Colombo'>, 'cases': 64}, {'district': <District.Gampaha: 'Gampaha'>, 'cases': 90}, {'district': <District.Kalutara: 'Kalutara'>, 'cases': 12}, {'district': <District.Kandy: 'Kandy'>, 'cases': 26}, {'district': <District.Matale: 'Matale'>, 'cases': 16}, {'district': <District.Nuwara_Eliya: 'Nuwara Eliya'>, 'cases': 3}, {'district': <District.Galle: 'Galle'>, 'cases': 4}, {'district': <District.Hambantota: 'Hambantota'>, 'cases': 6}, {'district': <District.Matara: 'Matara'>, 'cases': 4}, {'district': <District.Jaffna: 'Jaffna'>, 'cases': 7}, {'district': <District.Kilinochchi: 'Kilinochchi'>, 'cases': 0}, {'district': <District.Mannar: 'Mannar'>, 'cases': 0}, {'district': <District.Vavuniya: 'Vavuniya'>, 'cases': 56}, {'district': <District.Mullaitivu: 'Mullaitivu'>, 'cases': 0}, {'district': <District.Batticaloa: 'Batticaloa'>, 'cases': 2}, {'district': <District.Ampara: 'Ampara'>, 'cases': 4}, {'district': <District.Trincomalee: 'Trincomalee'>, 'cases': 2}, {'district': <District.Kurunegala: 'Kurunegala'>, 'cases': 20}, {'district': <District.Puttalam: 'Puttalam'>, 'cases': 10}, {'district': <District.Anuradhapura: 'Anuradhapura'>, 'cases': 2}, {'district': <District.Polonnaruwa: 'Polonnaruwa'>, 'cases': 0}, {'district': <District.Badulla: 'Badulla'>, 'cases': 7}, {'district': <District.Moneragala: 'Moneragala'>, 'cases': 2}, {'district': <District.Ratnapura: 'Ratnapura'>, 'cases': 16}, {'district': <District.Kegalle: 'Kegalle'>, 'cases': 22}, {'district': <District.Kalmunai: 'Kalmunai'>, 'cases': 8}]"
2012-05-05,2012-05-11,47,"[{'district': <District.Colombo: 'Colombo'>, 'cases': 0}, {'district': <District.Gampaha: 'Gampaha'>, 'cases': 0}, {'district': <District.Kalutara: 'Kalutara'>, 'cases': 0}, {'district': <District.Kandy: 'Kandy'>, 'cases': 5}, {'district': <District.Matale: 'Matale'>, 'cases': 0}, {'district': <District.Nuwara_Eliya: 'Nuwara Eliya'>, 'cases': 0}, {'district': <District.Galle: 'Galle'>, 'cases': 0}, {'district': <District.Hambantota: 'Hambantota'>, 'cases': 0}, {'district': <District.Matara: 'Matara'>, 'cases': 0}, {'district': <District.Jaffna: 'Jaffna'>, 'cases': 0}, {'district': <District.Kilinochchi: 'Kilinochchi'>, 'cases': 1}, {'district': <District.Mannar: 'Mannar'>, 'cases': 0}, {'district': <District.Vavuniya: 'Vavuniya'>, 'cases': 0}, {'district': <District.Mullaitivu: 'Mullaitivu'>, 'cases': 0}, {'district': <District.Batticaloa: 'Batticaloa'>, 'cases': 8}, {'district': <District.Ampara: 'Ampara'>, 'cases': 0}, {'district': <District.Trincomalee: 'Trincomalee'>, 'cases': 3}, {'district': <District.Kurunegala: 'Kurunegala'>, 'cases': 5}, {'district': <District.Puttalam: 'Puttalam'>, 'cases': 0}, {'district': <District.Anuradhapura: 'Anuradhapura'>, 'cases': 0}, {'district': <District.Polonnaruwa: 'Polonnaruwa'>, 'cases': 0}, {'district': <District.Badulla: 'Badulla'>, 'cases': 0}, {'district': <District.Moneragala: 'Moneragala'>, 'cases': 0}, {'district': <District.Ratnapura: 'Ratnapura'>, 'cases': 17}, {'district': <District.Kegalle: 'Kegalle'>, 'cases': 3}, {'district': <District.Kalmunai: 'Kalmunai'>, 'cases': 5}]"
2017-03-25,2017-03-31,2983,"[{'district': <District.Colombo: 'Colombo'>, 'cases': 528}, {'district': <District.Gampaha: 'Gampaha'>, 'cases': 409}, {'district': <District.Kalutara: 'Kalutara'>, 'cases': 176}, {'district': <District.Kandy: 'Kandy'>, 'cases': 66}, {'district': <District.Matale: 'Matale'>, 'cases': 20}, {'district': <District.Nuwara_Eliya: 'Nuwara Eliya'>, 'cases': 2}, {'district': <District.Galle: 'Galle'>, 'cases': 110}, {'district': <District.Hambantota: 'Hambantota'>, 'cases': 89}, {'district': <District.Matara: 'Matara'>, 'cases': 76}, {'district': <District.Jaffna: 'Jaffna'>, 'cases': 207}, {'district': <District.Kilinochchi: 'Kilinochchi'>, 'cases': 6}, {'district': <District.Mannar: 'Mannar'>, 'cases': 11}, {'district': <District.Vavuniya: 'Vavuniya'>, 'cases': 31}, {'district': <District.Mullaitivu: 'Mullaitivu'>, 'cases': 6}, {'district': <District.Batticaloa: 'Batticaloa'>, 'cases': 178}, {'district': <District.Ampara: 'Ampara'>, 'cases': 12}, {'district': <District.Trincomalee: 'Trincomalee'>, 'cases': 435}, {'district': <District.Kurunegala: 'Kurunegala'>, 'cases': 85}, {'district': <District.Puttalam: 'Puttalam'>, 'cases': 52}, {'district': <District.Anuradhapura: 'Anuradhapura'>, 'cases': 68}, {'district': <District.Polonnaruwa: 'Polonnaruwa'>, 'cases': 108}, {'district': <District.Badulla: 'Badulla'>, 'cases': 25}, {'district': <District.Moneragala: 'Moneragala'>, 'cases': 36}, {'district': <District.Ratnapura: 'Ratnapura'>, 'cases': 39}, {'district': <District.Kegalle: 'Kegalle'>, 'cases': 120}, {'district': <District.Kalmunai: 'Kalmunai'>, 'cases': 76}]"
2009-04-11,2009-04-17,52,"[{'district': <District.Colombo: 'Colombo'>, 'cases': 20}, {'district': <District.Gampaha: 'Gampaha'>, 'cases': 5}, {'district': <District.Kalutara: 'Kalutara'>, 'cases': 4}, {'district': <District.Kandy: 'Kandy'>, 'cases': 5}, {'district': <District.Matale: 'Matale'>, 'cases': 6}, {'district': <District.Nuwara_Eliya: 'Nuwara Eliya'>, 'cases': 2}, {'district': <District.Galle: 'Galle'>, 'cases': 0}, {'district': <District.Hambantota: 'Hambantota'>, 'cases': 0}, {'district': <District.Matara: 'Matara'>, 'cases': 1}, {'district': <District.Jaffna: 'Jaffna'>, 'cases': 0}, {'district': <District.Kilinochchi: 'Kilinochchi'>, 'cases': 0}, {'district': <District.Mannar: 'Mannar'>, 'cases': 0}, {'district': <District.Vavuniya: 'Vavuniya'>, 'cases': 0}, {'district': <District.Mullaitivu: 'Mullaitivu'>, 'cases': 0}, {'district': <District.Batticaloa: 'Batticaloa'>, 'cases': 0}, {'district': <District.Ampara: 'Ampara'>, 'cases': 0}, {'district': <District.Trincomalee: 'Trincomalee'>, 'cases': 0}, {'district': <District.Kurunegala: 'Kurunegala'>, 'cases': 4}, {'district': <District.Puttalam: 'Puttalam'>, 'cases': 0}, {'district': <District.Anuradhapura: 'Anuradhapura'>, 'cases': 4}, {'district': <District.Polonnaruwa: 'Polonnaruwa'>, 'cases': 0}, {'district': <District.Badulla: 'Badulla'>, 'cases': 0}, {'district': <District.Moneragala: 'Moneragala'>, 'cases': 0}, {'district': <District.Ratnapura: 'Ratnapura'>, 'cases': 0}, {'district': <District.Kegalle: 'Kegalle'>, 'cases': 1}, {'district': <District.Kalmunai: 'Kalmunai'>, 'cases': 0}]"
2021-01-23,2021-01-29,421,"[{'district': <District.Colombo: 'Colombo'>, 'cases': 26}, {'district': <District.Gampaha: 'Gampaha'>, 'cases': 18}, {'district': <District.Kalutara: 'Kalutara'>, 'cases': 17}, {'district': <District.Kandy: 'Kandy'>, 'cases': 13}, {'district': <District.Matale: 'Matale'>, 'cases': 3}, {'district': <District.Nuwara_Eliya: 'Nuwara Eliya'>, 'cases': 1}, {'district': <District.Galle: 'Galle'>, 'cases': 3}, {'district': <District.Hambantota: 'Hambantota'>, 'cases': 5}, {'district': <District.Matara: 'Matara'>, 'cases': 6}, {'district': <District.Jaffna: 'Jaffna'>, 'cases': 13}, {'district': <District.Kilinochchi: 'Kilinochchi'>, 'cases': 2}, {'district': <District.Mannar: 'Mannar'>, 'cases': 1}, {'district': <District.Vavuniya: 'Vavuniya'>, 'cases': 3}, {'district': <District.Mullaitivu: 'Mullaitivu'>, 'cases': 0}, {'district': <District.Batticaloa: 'Batticaloa'>, 'cases': 249}, {'district': <District.Ampara: 'Ampara'>, 'cases': 1}, {'district': <District.Trincomalee: 'Trincomalee'>, 'cases': 4}, {'district': <District.Kurunegala: 'Kurunegala'>, 'cases': 16}, {'district': <District.Puttalam: 'Puttalam'>, 'cases': 9}, {'district': <District.Anuradhapura: 'Anuradhapura'>, 'cases': 2}, {'district': <District.Polonnaruwa: 'Polonnaruwa'>, 'cases': 1}, {'district': <District.Badulla: 'Badulla'>, 'cases': 0}, {'district': <District.Moneragala: 'Moneragala'>, 'cases': 3}, {'district': <District.Ratnapura: 'Ratnapura'>, 'cases': 13}, {'district': <District.Kegalle: 'Kegalle'>, 'cases': 4}, {'district': <District.Kalmunai: 'Kalmunai'>, 'cases': 8}]"
2020-01-25,2020-01-31,2889,"[{'district': <District.Colombo: 'Colombo'>, 'cases': 439}, {'district': <District.Gampaha: 'Gampaha'>, 'cases': 238}, {'district': <District.Kalutara: 'Kalutara'>, 'cases': 98}, {'district': <District.Kandy: 'Kandy'>, 'cases': 154}, {'district': <District.Matale: 'Matale'>, 'cases': 64}, {'district': <District.Nuwara_Eliya: 'Nuwara Eliya'>, 'cases': 38}, {'district': <District.Galle: 'Galle'>, 'cases': 131}, {'district': <District.Hambantota: 'Hambantota'>, 'cases': 38}, {'district': <District.Matara: 'Matara'>, 'cases': 48}, {'district': <District.Jaffna: 'Jaffna'>, 'cases': 254}, {'district': <District.Kilinochchi: 'Kilinochchi'>, 'cases': 16}, {'district': <District.Mannar: 'Mannar'>, 'cases': 18}, {'district': <District.Vavuniya: 'Vavuniya'>, 'cases': 31}, {'district': <District.Mullaitivu: 'Mullaitivu'>, 'cases': 11}, {'district': <District.Batticaloa: 'Batticaloa'>, 'cases': 228}, {'district': <District.Ampara: 'Ampara'>, 'cases': 47}, {'district': <District.Trincomalee: 'Trincomalee'>, 'cases': 399}, {'district': <District.Kurunegala: 'Kurunegala'>, 'cases': 170}, {'district': <District.Puttalam: 'Puttalam'>, 'cases': 53}, {'district': <District.Anuradhapura: 'Anuradhapura'>, 'cases': 45}, {'district': <District.Polonnaruwa: 'Polonnaruwa'>, 'cases': 21}, {'district': <District.Badulla: 'Badulla'>, 'cases': 54}, {'district': <District.Moneragala: 'Moneragala'>, 'cases': 0}, {'district': <District.Ratnapura: 'Ratnapura'>, 'cases': 88}, {'district': <District.Kegalle: 'Kegalle'>, 'cases': 47}, {'district': <District.Kalmunai: 'Kalmunai'>, 'cases': 159}]"
2007-05-19,2007-05-25,42,"[{'district': <District.Colombo: 'Colombo'>, 'cases': 6}, {'district': <District.Gampaha: 'Gampaha'>, 'cases': 7}, {'district': <District.Kalutara: 'Kalutara'>, 'cases': 1}, {'district': <District.Kandy: 'Kandy'>, 'cases': 3}, {'district': <District.Matale: 'Matale'>, 'cases': 2}, {'district': <District.Nuwara_Eliya: 'Nuwara Eliya'>, 'cases': 3}, {'district': <District.Galle: 'Galle'>, 'cases': 2}, {'district': <District.Hambantota: 'Hambantota'>, 'cases': 0}, {'district': <District.Matara: 'Matara'>, 'cases': 3}, {'district': <District.Jaffna: 'Jaffna'>, 'cases': 0}, {'district': <District.Kilinochchi: 'Kilinochchi'>, 'cases': 0}, {'district': <District.Mannar: 'Mannar'>, 'cases': 0}, {'district': <District.Vavuniya: 'Vavuniya'>, 'cases': 0}, {'district': <District.Mullaitivu: 'Mullaitivu'>, 'cases': 0}, {'district': <District.Batticaloa: 'Batticaloa'>, 'cases': 7}, {'district': <District.Ampara: 'Ampara'>, 'cases': 0}, {'district': <District.Trincomalee: 'Trincomalee'>, 'cases': 0}, {'district': <District.Kurunegala: 'Kurunegala'>, 'cases': 1}, {'district': <District.Puttalam: 'Puttalam'>, 'cases': 1}, {'district': <District.Anuradhapura: 'Anuradhapura'>, 'cases': 0}, {'district': <District.Polonnaruwa: 'Polonnaruwa'>, 'cases': 0}, {'district': <District.Badulla: 'Badulla'>, 'cases': 2}, {'district': <District.Moneragala: 'Moneragala'>, 'cases': 1}, {'district': <District.Ratnapura: 'Ratnapura'>, 'cases': 2}, {'district': <District.Kegalle: 'Kegalle'>, 'cases': 1}, {'district': <District.Kalmunai: 'Kalmunai'>, 'cases': 0}]"
2022-03-05,2022-03-11,59,"[{'district': <District.Colombo: 'Colombo'>, 'cases': 98}, {'district': <District.Gampaha: 'Gampaha'>, 'cases': 78}, {'district': <District.Kalutara: 'Kalutara'>, 'cases': 36}, {'district': <District.Kandy: 'Kandy'>, 'cases': 24}, {'district': <District.Matale: 'Matale'>, 'cases': 2}, {'district': <District.Nuwara_Eliya: 'Nuwara Eliya'>, 'cases': 2}, {'district': <District.Galle: 'Galle'>, 'cases': 53}, {'district': <District.Hambantota: 'Hambantota'>, 'cases': 11}, {'district': <District.Matara: 'Matara'>, 'cases': 23}, {'district': <District.Jaffna: 'Jaffna'>, 'cases': 46}, {'district': <District.Kilinochchi: 'Kilinochchi'>, 'cases': 2}, {'district': <District.Mannar: 'Mannar'>, 'cases': 0}, {'district': <District.Vavuniya: 'Vavuniya'>, 'cases': 2}, {'district': <District.Mullaitivu: 'Mullaitivu'>, 'cases': 1}, {'district': <District.Batticaloa: 'Batticaloa'>, 'cases': 21}, {'district': <District.Ampara: 'Ampara'>, 'cases': 1}, {'district': <District.Trincomalee: 'Trincomalee'>, 'cases': 21}, {'district': <District.Kurunegala: 'Kurunegala'>, 'cases': 32}, {'district': <District.Puttalam: 'Puttalam'>, 'cases': 35}, {'district': <District.Anuradhapura: 'Anuradhapura'>, 'cases': 13}, {'district': <District.Polonnaruwa: 'Polonnaruwa'>, 'cases': 2}, {'district': <District.Badulla: 'Badulla'>, 'cases': 15}, {'district': <District.Moneragala: 'Moneragala'>, 'cases': 5}, {'district': <District.Ratnapura: 'Ratnapura'>, 'cases': 35}, {'district': <District.Kegalle: 'Kegalle'>, 'cases': 19}, {'district': <District.Kalmunai: 'Kalmunai'>, 'cases': 17}]"
2025-06-07,2025-06-13,1269,"[{'district': <District.Colombo: 'Colombo'>, 'cases': 279}, {'district': <District.Gampaha: 'Gampaha'>, 'cases': 207}, {'district': <District.Kalutara: 'Kalutara'>, 'cases': 74}, {'district': <District.Kandy: 'Kandy'>, 'cases': 118}, {'district': <District.Matale: 'Matale'>, 'cases': 17}, {'district': <District.Nuwara_Eliya: 'Nuwara Eliya'>, 'cases': 17}, {'district': <District.Galle: 'Galle'>, 'cases': 44}, {'district': <District.Hambantota: 'Hambantota'>, 'cases': 15}, {'district': <District.Matara: 'Matara'>, 'cases': 70}, {'district': <District.Jaffna: 'Jaffna'>, 'cases': 25}, {'district': <District.Kilinochchi: 'Kilinochchi'>, 'cases': 2}, {'district': <District.Mannar: 'Mannar'>, 'cases': 2}, {'district': <District.Vavuniya: 'Vavuniya'>, 'cases': 2}, {'district': <District.Mullaitivu: 'Mullaitivu'>, 'cases': 2}, {'district': <District.Batticaloa: 'Batticaloa'>, 'cases': 30}, {'district': <District.Ampara: 'Ampara'>, 'cases': 7}, {'district': <District.Trincomalee: 'Trincomalee'>, 'cases': 16}, {'district': <District.Kurunegala: 'Kurunegala'>, 'cases': 68}, {'district': <District.Puttalam: 'Puttalam'>, 'cases': 10}, {'district': <District.Anuradhapura: 'Anuradhapura'>, 'cases': 7}, {'district': <District.Polonnaruwa: 'Polonnaruwa'>, 'cases': 12}, {'district': <District.Badulla: 'Badulla'>, 'cases': 24}, {'district': <District.Moneragala: 'Moneragala'>, 'cases': 26}, {'district': <District.Ratnapura: 'Ratnapura'>, 'cases': 145}, {'district': <District.Kegalle: 'Kegalle'>, 'cases': 46}, {'district': <District.Kalmunai: 'Kalmunai'>, 'cases': 4}]"
2019-07-29,2019-08-05,1508,"[{'district': <District.Colombo: 'Colombo'>, 'cases': 334}, {'district': <District.Gampaha: 'Gampaha'>, 'cases': 228}, {'district': <District.Kalutara: 'Kalutara'>, 'cases': 153}, {'district': <District.Kandy: 'Kandy'>, 'cases': 81}, {'district': <District.Matale: 'Matale'>, 'cases': 12}, {'district': <District.Nuwara_Eliya: 'Nuwara Eliya'>, 'cases': 7}, {'district': <District.Galle: 'Galle'>, 'cases': 236}, {'district': <District.Hambantota: 'Hambantota'>, 'cases': 48}, {'district': <District.Matara: 'Matara'>, 'cases': 82}, {'district': <District.Jaffna: 'Jaffna'>, 'cases': 20}, {'district': <District.Kilinochchi: 'Kilinochchi'>, 'cases': 0}, {'district': <District.Mannar: 'Mannar'>, 'cases': 0}, {'district': <District.Vavuniya: 'Vavuniya'>, 'cases': 5}, {'district': <District.Mullaitivu: 'Mullaitivu'>, 'cases': 0}, {'district': <District.Batticaloa: 'Batticaloa'>, 'cases': 10}, {'district': <District.Ampara: 'Ampara'>, 'cases': 9}, {'district': <District.Trincomalee: 'Trincomalee'>, 'cases': 12}, {'district': <District.Kurunegala: 'Kurunegala'>, 'cases': 37}, {'district': <District.Puttalam: 'Puttalam'>, 'cases': 29}, {'district': <District.Anuradhapura: 'Anuradhapura'>, 'cases': 10}, {'district': <District.Polonnaruwa: 'Polonnaruwa'>, 'cases': 6}, {'district': <District.Badulla: 'Badulla'>, 'cases': 25}, {'district': <District.Moneragala: 'Moneragala'>, 'cases': 25}, {'district': <District.Ratnapura: 'Ratnapura'>, 'cases': 72}, {'district': <District.Kegalle: 'Kegalle'>, 'cases': 57}, {'district': <District.Kalmunai: 'Kalmunai'>, 'cases': 10}]"
2018-08-28,2018-08-03,1247,"[{'district': <District.Colombo: 'Colombo'>, 'cases': 308}, {'district': <District.Kalutara: 'Kalutara'>, 'cases': 88}, {'district': <District.Kandy: 'Kandy'>, 'cases': 84}, {'district': <District.Matale: 'Matale'>, 'cases': 24}, {'district': <District.Nuwara_Eliya: 'Nuwara Eliya'>, 'cases': 14}, {'district': <District.Galle: 'Galle'>, 'cases': 27}, {'district': <District.Hambantota: 'Hambantota'>, 'cases': 27}, {'district': <District.Matara: 'Matara'>, 'cases': 42}, {'district': <District.Jaffna: 'Jaffna'>, 'cases': 46}, {'district': <District.Kilinochchi: 'Kilinochchi'>, 'cases': 3}, {'district': <District.Mannar: 'Mannar'>, 'cases': 44}, {'district': <District.Vavuniya: 'Vavuniya'>, 'cases': 14}, {'district': <District.Mullaitivu: 'Mullaitivu'>, 'cases': 4}, {'district': <District.Batticaloa: 'Batticaloa'>, 'cases': 59}, {'district': <District.Ampara: 'Ampara'>, 'cases': 3}, {'district': <District.Trincomalee: 'Trincomalee'>, 'cases': 23}, {'district': <District.Kurunegala: 'Kurunegala'>, 'cases': 64}, {'district': <District.Puttalam: 'Puttalam'>, 'cases': 28}, {'district': <District.Anuradhapura: 'Anuradhapura'>, 'cases': 17}, {'district': <District.Polonnaruwa: 'Polonnaruwa'>, 'cases': 6}, {'district': <District.Badulla: 'Badulla'>, 'cases': 13}, {'district': <District.Moneragala: 'Moneragala'>, 'cases': 20}, {'district': <District.Ratnapura: 'Ratnapura'>, 'cases': 49}, {'district': <District.Kegalle: 'Kegalle'>, 'cases': 40}, {'district': <District.Kalmunai: 'Kalmunai'>, 'cases': 20}, {'district': <District.Gampaha: 'Gampaha'>, 'cases': 1}]"
2010-08-21,2010-08-27,637,"[{'district': <District.Colombo: 'Colombo'>, 'cases': 171}, {'district': <District.Gampaha: 'Gampaha'>, 'cases': 64}, {'district': <District.Kalutara: 'Kalutara'>, 'cases': 49}, {'district': <District.Kandy: 'Kandy'>, 'cases': 33}, {'district': <District.Matale: 'Matale'>, 'cases': 9}, {'district': <District.Nuwara_Eliya: 'Nuwara Eliya'>, 'cases': 4}, {'district': <District.Galle: 'Galle'>, 'cases': 34}, {'district': <District.Hambantota: 'Hambantota'>, 'cases': 25}, {'district': <District.Matara: 'Matara'>, 'cases': 21}, {'district': <District.Jaffna: 'Jaffna'>, 'cases': 18}, {'district': <District.Kilinochchi: 'Kilinochchi'>, 'cases': 5}, {'district': <District.Mannar: 'Mannar'>, 'cases': 34}, {'district': <District.Vavuniya: 'Vavuniya'>, 'cases': 5}, {'district': <District.Mullaitivu: 'Mullaitivu'>, 'cases': 0}, {'district': <District.Batticaloa: 'Batticaloa'>, 'cases': 4}, {'district': <District.Ampara: 'Ampara'>, 'cases': 2}, {'district': <District.Trincomalee: 'Trincomalee'>, 'cases': 3}, {'district': <District.Kurunegala: 'Kurunegala'>, 'cases': 40}, {'district': <District.Puttalam: 'Puttalam'>, 'cases': 9}, {'district': <District.Anuradhapura: 'Anuradhapura'>, 'cases': 7}, {'district': <District.Polonnaruwa: 'Polonnaruwa'>, 'cases': 5}, {'district': <District.Badulla: 'Badulla'>, 'cases': 38}, {'district': <District.Moneragala: 'Moneragala'>, 'cases': 12}, {'district': <District.Ratnapura: 'Ratnapura'>, 'cases': 45}, {'district': <District.Kegalle: 'Kegalle'>, 'cases': 27}, {'district': <District.Kalmunai: 'Kalmunai'>, 'cases': 3}]"
2010-01-01,2011-01-07,136,"[{'district': <District.Colombo: 'Colombo'>, 'cases': 38}, {'district': <District.Gampaha: 'Gampaha'>, 'cases': 12}, {'district': <District.Kalutara: 'Kalutara'>, 'cases': 3}, {'district': <District.Kandy: 'Kandy'>, 'cases': 1}, {'district': <District.Matale: 'Matale'>, 'cases': 6}, {'district': <District.Nuwara_Eliya: 'Nuwara Eliya'>, 'cases': 1}, {'district': <District.Galle: 'Galle'>, 'cases': 2}, {'district': <District.Hambantota: 'Hambantota'>, 'cases': 2}, {'district': <District.Matara: 'Matara'>, 'cases': 2}, {'district': <District.Jaffna: 'Jaffna'>, 'cases': 9}, {'district': <District.Kilinochchi: 'Kilinochchi'>, 'cases': 1}, {'district': <District.Mannar: 'Mannar'>, 'cases': 2}, {'district': <District.Vavuniya: 'Vavuniya'>, 'cases': 0}, {'district': <District.Mullaitivu: 'Mullaitivu'>, 'cases': 0}, {'district': <District.Batticaloa: 'Batticaloa'>, 'cases': 3}, {'district': <District.Ampara: 'Ampara'>, 'cases': 1}, {'district': <District.Trincomalee: 'Trincomalee'>, 'cases': 2}, {'district': <District.Kurunegala: 'Kurunegala'>, 'cases': 5}, {'district': <District.Puttalam: 'Puttalam'>, 'cases': 16}, {'district': <District.Anuradhapura: 'Anuradhapura'>, 'cases': 8}, {'district': <District.Polonnaruwa: 'Polonnaruwa'>, 'cases': 2}, {'district': <District.Badulla: 'Badulla'>, 'cases': 5}, {'district': <District.Moneragala: 'Moneragala'>, 'cases': 4}, {'district': <District.Ratnapura: 'Ratnapura'>, 'cases': 3}, {'district': <District.Kegalle: 'Kegalle'>, 'cases': 7}, {'district': <District.Kalmunai: 'Kalmunai'>, 'cases': 1}]"
2012-12-08,2012-12-14,786,"[{'district': <District.Colombo: 'Colombo'>, 'cases': 127}, {'district': <District.Gampaha: 'Gampaha'>, 'cases': 88}, {'district': <District.Kalutara: 'Kalutara'>, 'cases': 49}, {'district': <District.Kandy: 'Kandy'>, 'cases': 44}, {'district': <District.Matale: 'Matale'>, 'cases': 15}, {'district': <District.Nuwara_Eliya: 'Nuwara Eliya'>, 'cases': 1}, {'district': <District.Galle: 'Galle'>, 'cases': 19}, {'district': <District.Hambantota: 'Hambantota'>, 'cases': 4}, {'district': <District.Matara: 'Matara'>, 'cases': 32}, {'district': <District.Jaffna: 'Jaffna'>, 'cases': 57}, {'district': <District.Kilinochchi: 'Kilinochchi'>, 'cases': 2}, {'district': <District.Mannar: 'Mannar'>, 'cases': 6}, {'district': <District.Vavuniya: 'Vavuniya'>, 'cases': 3}, {'district': <District.Mullaitivu: 'Mullaitivu'>, 'cases': 3}, {'district': <District.Batticaloa: 'Batticaloa'>, 'cases': 11}, {'district': <District.Ampara: 'Ampara'>, 'cases': 1}, {'district': <District.Trincomalee: 'Trincomalee'>, 'cases': 1}, {'district': <District.Kurunegala: 'Kurunegala'>, 'cases': 76}, {'district': <District.Puttalam: 'Puttalam'>, 'cases': 123}, {'district': <District.Anuradhapura: 'Anuradhapura'>, 'cases': 31}, {'district': <District.Polonnaruwa: 'Polonnaruwa'>, 'cases': 4}, {'district': <District.Badulla: 'Badulla'>, 'cases': 12}, {'district': <District.Moneragala: 'Moneragala'>, 'cases': 4}, {'district': <District.Ratnapura: 'Ratnapura'>, 'cases': 19}, {'district': <District.Kegalle: 'Kegalle'>, 'cases': 40}, {'district': <District.Kalmunai: 'Kalmunai'>, 'cases': 14}]"
2013-01-19,2013-01-25,468,"[{'district': <District.Colombo: 'Colombo'>, 'cases': 109}, {'district': <District.Gampaha: 'Gampaha'>, 'cases': 59}, {'district': <District.Kalutara: 'Kalutara'>, 'cases': 35}, {'district': <District.Kandy: 'Kandy'>, 'cases': 0}, {'district': <District.Matale: 'Matale'>, 'cases': 7}, {'district': <District.Nuwara_Eliya: 'Nuwara Eliya'>, 'cases': 3}, {'district': <District.Galle: 'Galle'>, 'cases': 17}, {'district': <District.Hambantota: 'Hambantota'>, 'cases': 6}, {'district': <District.Matara: 'Matara'>, 'cases': 11}, {'district': <District.Jaffna: 'Jaffna'>, 'cases': 12}, {'district': <District.Kilinochchi: 'Kilinochchi'>, 'cases': 0}, {'district': <District.Mannar: 'Mannar'>, 'cases': 4}, {'district': <District.Vavuniya: 'Vavuniya'>, 'cases': 5}, {'district': <District.Mullaitivu: 'Mullaitivu'>, 'cases': 5}, {'district': <District.Batticaloa: 'Batticaloa'>, 'cases': 8}, {'district': <District.Ampara: 'Ampara'>, 'cases': 2}, {'district': <District.Trincomalee: 'Trincomalee'>, 'cases': 7}, {'district': <District.Kurunegala: 'Kurunegala'>, 'cases': 51}, {'district': <District.Puttalam: 'Puttalam'>, 'cases': 40}, {'district': <District.Anuradhapura: 'Anuradhapura'>, 'cases': 14}, {'district': <District.Polonnaruwa: 'Polonnaruwa'>, 'cases': 7}, {'district': <District.Badulla: 'Badulla'>, 'cases': 6}, {'district': <District.Moneragala: 'Moneragala'>, 'cases': 2}, {'district': <District.Ratnapura: 'Ratnapura'>, 'cases': 26}, {'district': <District.Kegalle: 'Kegalle'>, 'cases': 18}, {'district': <District.Kalmunai: 'Kalmunai'>, 'cases': 14}]"
2007-12-22,2007-12-28,221,"[{'district': <District.Colombo: 'Colombo'>, 'cases': 44}, {'district': <District.Gampaha: 'Gampaha'>, 'cases': 31}, {'district': <District.Kalutara: 'Kalutara'>, 'cases': 10}, {'district': <District.Kandy: 'Kandy'>, 'cases': 4}, {'district': <District.Matale: 'Matale'>, 'cases': 1}, {'district': <District.Nuwara_Eliya: 'Nuwara Eliya'>, 'cases': 1}, {'district': <District.Galle: 'Galle'>, 'cases': 3}, {'district': <District.Hambantota: 'Hambantota'>, 'cases': 2}, {'district': <District.Matara: 'Matara'>, 'cases': 4}, {'district': <District.Jaffna: 'Jaffna'>, 'cases': 2}, {'district': <District.Kilinochchi: 'Kilinochchi'>, 'cases': 0}, {'district': <District.Mannar: 'Mannar'>, 'cases': 0}, {'district': <District.Vavuniya: 'Vavuniya'>, 'cases': 0}, {'district': <District.Mullaitivu: 'Mullaitivu'>, 'cases': 0}, {'district': <District.Batticaloa: 'Batticaloa'>, 'cases': 1}, {'district': <District.Ampara: 'Ampara'>, 'cases': 0}, {'district': <District.Trincomalee: 'Trincomalee'>, 'cases': 1}, {'district': <District.Kurunegala: 'Kurunegala'>, 'cases': 21}, {'district': <District.Puttalam: 'Puttalam'>, 'cases': 54}, {'district': <District.Anuradhapura: 'Anuradhapura'>, 'cases': 18}, {'district': <District.Polonnaruwa: 'Polonnaruwa'>, 'cases': 2}, {'district': <District.Badulla: 'Badulla'>, 'cases': 3}, {'district': <District.Moneragala: 'Moneragala'>, 'cases': 3}, {'district': <District.Ratnapura: 'Ratnapura'>, 'cases': 7}, {'district': <District.Kegalle: 'Kegalle'>, 'cases': 9}, {'district': <District.Kalmunai: 'Kalmunai'>, 'cases': 0}]"
2018-10-06,2018-10-12,415,"[{'district': <District.Colombo: 'Colombo'>, 'cases': 75}, {'district': <District.Gampaha: 'Gampaha'>, 'cases': 46}, {'district': <District.Kalutara: 'Kalutara'>, 'cases': 28}, {'district': <District.Kandy: 'Kandy'>, 'cases': 41}, {'district': <District.Matale: 'Matale'>, 'cases': 4}, {'district': <District.Nuwara_Eliya: 'Nuwara Eliya'>, 'cases': 5}, {'district': <District.Galle: 'Galle'>, 'cases': 8}, {'district': <District.Hambantota: 'Hambantota'>, 'cases': 18}, {'district': <District.Matara: 'Matara'>, 'cases': 16}, {'district': <District.Jaffna: 'Jaffna'>, 'cases': 33}, {'district': <District.Kilinochchi: 'Kilinochchi'>, 'cases': 2}, {'district': <District.Mannar: 'Mannar'>, 'cases': 2}, {'district': <District.Vavuniya: 'Vavuniya'>, 'cases': 4}, {'district': <District.Mullaitivu: 'Mullaitivu'>, 'cases': 2}, {'district': <District.Batticaloa: 'Batticaloa'>, 'cases': 23}, {'district': <District.Ampara: 'Ampara'>, 'cases': 2}, {'district': <District.Trincomalee: 'Trincomalee'>, 'cases': 10}, {'district': <District.Kurunegala: 'Kurunegala'>, 'cases': 20}, {'district': <District.Puttalam: 'Puttalam'>, 'cases': 12}, {'district': <District.Anuradhapura: 'Anuradhapura'>, 'cases': 5}, {'district': <District.Polonnaruwa: 'Polonnaruwa'>, 'cases': 1}, {'district': <District.Badulla: 'Badulla'>, 'cases': 7}, {'district': <District.Moneragala: 'Moneragala'>, 'cases': 9}, {'district': <District.Ratnapura: 'Ratnapura'>, 'cases': 20}, {'district': <District.Kegalle: 'Kegalle'>, 'cases': 9}, {'district': <District.Kalmunai: 'Kalmunai'>, 'cases': 13}]"
2020-05-25,2020-05-31,109,"[{'district': <District.Colombo: 'Colombo'>, 'cases': 8}, {'district': <District.Gampaha: 'Gampaha'>, 'cases': 5}, {'district': <District.Kalutara: 'Kalutara'>, 'cases': 13}, {'district': <District.Kandy: 'Kandy'>, 'cases': 14}, {'district': <District.Matale: 'Matale'>, 'cases': 4}, {'district': <District.Nuwara_Eliya: 'Nuwara Eliya'>, 'cases': 1}, {'district': <District.Galle: 'Galle'>, 'cases': 7}, {'district': <District.Hambantota: 'Hambantota'>, 'cases': 0}, {'district': <District.Matara: 'Matara'>, 'cases': 0}, {'district': <District.Jaffna: 'Jaffna'>, 'cases': 9}, {'district': <District.Kilinochchi: 'Kilinochchi'>, 'cases': 0}, {'district': <District.Mannar: 'Mannar'>, 'cases': 0}, {'district': <District.Vavuniya: 'Vavuniya'>, 'cases': 1}, {'district': <District.Mullaitivu: 'Mullaitivu'>, 'cases': 0}, {'district': <District.Batticaloa: 'Batticaloa'>, 'cases': 17}, {'district': <District.Ampara: 'Ampara'>, 'cases': 0}, {'district': <District.Trincomalee: 'Trincomalee'>, 'cases': 3}, {'district': <District.Kurunegala: 'Kurunegala'>, 'cases': 0}, {'district': <District.Puttalam: 'Puttalam'>, 'cases': 2}, {'district': <District.Anuradhapura: 'Anuradhapura'>, 'cases': 3}, {'district': <District.Polonnaruwa: 'Polonnaruwa'>, 'cases': 0}, {'district': <District.Badulla: 'Badulla'>, 'cases': 4}, {'district': <District.Moneragala: 'Moneragala'>, 'cases': 0}, {'district': <District.Ratnapura: 'Ratnapura'>, 'cases': 3}, {'district': <District.Kegalle: 'Kegalle'>, 'cases': 5}, {'district': <District.Kalmunai: 'Kalmunai'>, 'cases': 10}]"
2010-10-30,2010-11-05,115,"[{'district': <District.Colombo: 'Colombo'>, 'cases': 25}, {'district': <District.Gampaha: 'Gampaha'>, 'cases': 18}, {'district': <District.Kalutara: 'Kalutara'>, 'cases': 6}, {'district': <District.Kandy: 'Kandy'>, 'cases': 6}, {'district': <District.Matale: 'Matale'>, 'cases': 6}, {'district': <District.Nuwara_Eliya: 'Nuwara Eliya'>, 'cases': 3}, {'district': <District.Galle: 'Galle'>, 'cases': 4}, {'district': <District.Hambantota: 'Hambantota'>, 'cases': 3}, {'district': <District.Matara: 'Matara'>, 'cases': 2}, {'district': <District.Jaffna: 'Jaffna'>, 'cases': 7}, {'district': <District.Kilinochchi: 'Kilinochchi'>, 'cases': 0}, {'district': <District.Mannar: 'Mannar'>, 'cases': 2}, {'district': <District.Vavuniya: 'Vavuniya'>, 'cases': 0}, {'district': <District.Mullaitivu: 'Mullaitivu'>, 'cases': 0}, {'district': <District.Batticaloa: 'Batticaloa'>, 'cases': 0}, {'district': <District.Ampara: 'Ampara'>, 'cases': 0}, {'district': <District.Trincomalee: 'Trincomalee'>, 'cases': 2}, {'district': <District.Kurunegala: 'Kurunegala'>, 'cases': 4}, {'district': <District.Puttalam: 'Puttalam'>, 'cases': 1}, {'district': <District.Anuradhapura: 'Anuradhapura'>, 'cases': 6}, {'district': <District.Polonnaruwa: 'Polonnaruwa'>, 'cases': 2}, {'district': <District.Badulla: 'Badulla'>, 'cases': 4}, {'district': <District.Moneragala: 'Moneragala'>, 'cases': 6}, {'district': <District.Ratnapura: 'Ratnapura'>, 'cases': 3}, {'district': <District.Kegalle: 'Kegalle'>, 'cases': 1}, {'district': <District.Kalmunai: 'Kalmunai'>, 'cases': 4}]"
2023-02-18,2023-02-24,108,"[{'district': <District.Colombo: 'Colombo'>, 'cases': 160}, {'district': <District.Gampaha: 'Gampaha'>, 'cases': 179}, {'district': <District.Kalutara: 'Kalutara'>, 'cases': 46}, {'district': <District.Kandy: 'Kandy'>, 'cases': 53}, {'district': <District.Matale: 'Matale'>, 'cases': 21}, {'district': <District.Nuwara_Eliya: 'Nuwara Eliya'>, 'cases': 4}, {'district': <District.Galle: 'Galle'>, 'cases': 35}, {'district': <District.Hambantota: 'Hambantota'>, 'cases': 20}, {'district': <District.Matara: 'Matara'>, 'cases': 38}, {'district': <District.Jaffna: 'Jaffna'>, 'cases': 39}, {'district': <District.Kilinochchi: 'Kilinochchi'>, 'cases': 2}, {'district': <District.Mannar: 'Mannar'>, 'cases': 0}, {'district': <District.Vavuniya: 'Vavuniya'>, 'cases': 0}, {'district': <District.Mullaitivu: 'Mullaitivu'>, 'cases': 0}, {'district': <District.Batticaloa: 'Batticaloa'>, 'cases': 41}, {'district': <District.Ampara: 'Ampara'>, 'cases': 1}, {'district': <District.Trincomalee: 'Trincomalee'>, 'cases': 68}, {'district': <District.Kurunegala: 'Kurunegala'>, 'cases': 32}, {'district': <District.Puttalam: 'Puttalam'>, 'cases': 133}, {'district': <District.Anuradhapura: 'Anuradhapura'>, 'cases': 11}, {'district': <District.Polonnaruwa: 'Polonnaruwa'>, 'cases': 9}, {'district': <District.Badulla: 'Badulla'>, 'cases': 35}, {'district': <District.Moneragala: 'Moneragala'>, 'cases': 13}, {'district': <District.Ratnapura: 'Ratnapura'>, 'cases': 37}, {'district': <District.Kegalle: 'Kegalle'>, 'cases': 52}, {'district': <District.Kalmunai: 'Kalmunai'>, 'cases': 54}]"
2024-02-03,2024-02-09,2022,"[{'district': <District.Colombo: 'Colombo'>, 'cases': 349}, {'district': <District.Gampaha: 'Gampaha'>, 'cases': 144}, {'district': <District.Kalutara: 'Kalutara'>, 'cases': 118}, {'district': <District.Kandy: 'Kandy'>, 'cases': 126}, {'district': <District.Matale: 'Matale'>, 'cases': 22}, {'district': <District.Nuwara_Eliya: 'Nuwara Eliya'>, 'cases': 13}, {'district': <District.Galle: 'Galle'>, 'cases': 111}, {'district': <District.Hambantota: 'Hambantota'>, 'cases': 37}, {'district': <District.Matara: 'Matara'>, 'cases': 29}, {'district': <District.Jaffna: 'Jaffna'>, 'cases': 483}, {'district': <District.Kilinochchi: 'Kilinochchi'>, 'cases': 22}, {'district': <District.Mannar: 'Mannar'>, 'cases': 19}, {'district': <District.Vavuniya: 'Vavuniya'>, 'cases': 5}, {'district': <District.Mullaitivu: 'Mullaitivu'>, 'cases': 11}, {'district': <District.Batticaloa: 'Batticaloa'>, 'cases': 67}, {'district': <District.Ampara: 'Ampara'>, 'cases': 12}, {'district': <District.Trincomalee: 'Trincomalee'>, 'cases': 29}, {'district': <District.Kurunegala: 'Kurunegala'>, 'cases': 103}, {'district': <District.Puttalam: 'Puttalam'>, 'cases': 52}, {'district': <District.Anuradhapura: 'Anuradhapura'>, 'cases': 11}, {'district': <District.Polonnaruwa: 'Polonnaruwa'>, 'cases': 10}, {'district': <District.Badulla: 'Badulla'>, 'cases': 24}, {'district': <District.Moneragala: 'Moneragala'>, 'cases': 36}, {'district': <District.Ratnapura: 'Ratnapura'>, 'cases': 72}, {'district': <District.Kegalle: 'Kegalle'>, 'cases': 73}, {'district': <District.Kalmunai: 'Kalmunai'>, 'cases': 44}]"
2020-06-13,2020-06-19,474,"[{'district': <District.Colombo: 'Colombo'>, 'cases': 62}, {'district': <District.Gampaha: 'Gampaha'>, 'cases': 48}, {'district': <District.Kalutara: 'Kalutara'>, 'cases': 56}, {'district': <District.Kandy: 'Kandy'>, 'cases': 113}, {'district': <District.Matale: 'Matale'>, 'cases': 8}, {'district': <District.Nuwara_Eliya: 'Nuwara Eliya'>, 'cases': 2}, {'district': <District.Galle: 'Galle'>, 'cases': 3}, {'district': <District.Hambantota: 'Hambantota'>, 'cases': 4}, {'district': <District.Matara: 'Matara'>, 'cases': 0}, {'district': <District.Jaffna: 'Jaffna'>, 'cases': 12}, {'district': <District.Kilinochchi: 'Kilinochchi'>, 'cases': 2}, {'district': <District.Mannar: 'Mannar'>, 'cases': 0}, {'district': <District.Vavuniya: 'Vavuniya'>, 'cases': 1}, {'district': <District.Mullaitivu: 'Mullaitivu'>, 'cases': 0}, {'district': <District.Batticaloa: 'Batticaloa'>, 'cases': 12}, {'district': <District.Ampara: 'Ampara'>, 'cases': 4}, {'district': <District.Trincomalee: 'Trincomalee'>, 'cases': 4}, {'district': <District.Kurunegala: 'Kurunegala'>, 'cases': 14}, {'district': <District.Puttalam: 'Puttalam'>, 'cases': 5}, {'district': <District.Anuradhapura: 'Anuradhapura'>, 'cases': 8}, {'district': <District.Polonnaruwa: 'Polonnaruwa'>, 'cases': 4}, {'district': <District.Badulla: 'Badulla'>, 'cases': 8}, {'district': <District.Moneragala: 'Moneragala'>, 'cases': 0}, {'district': <District.Ratnapura: 'Ratnapura'>, 'cases': 81}, {'district': <District.Kegalle: 'Kegalle'>, 'cases': 21}, {'district': <District.Kalmunai: 'Kalmunai'>, 'cases': 2}]"
2013-04-27,2013-05-03,331,"[{'district': <District.Colombo: 'Colombo'>, 'cases': 60}, {'district': <District.Gampaha: 'Gampaha'>, 'cases': 47}, {'district': <District.Kalutara: 'Kalutara'>, 'cases': 16}, {'district': <District.Kandy: 'Kandy'>, 'cases': 12}, {'district': <District.Matale: 'Matale'>, 'cases': 4}, {'district': <District.Nuwara_Eliya: 'Nuwara Eliya'>, 'cases': 1}, {'district': <District.Galle: 'Galle'>, 'cases': 22}, {'district': <District.Hambantota: 'Hambantota'>, 'cases': 7}, {'district': <District.Matara: 'Matara'>, 'cases': 7}, {'district': <District.Jaffna: 'Jaffna'>, 'cases': 16}, {'district': <District.Kilinochchi: 'Kilinochchi'>, 'cases': 1}, {'district': <District.Mannar: 'Mannar'>, 'cases': 0}, {'district': <District.Vavuniya: 'Vavuniya'>, 'cases': 1}, {'district': <District.Mullaitivu: 'Mullaitivu'>, 'cases': 4}, {'district': <District.Batticaloa: 'Batticaloa'>, 'cases': 5}, {'district': <District.Ampara: 'Ampara'>, 'cases': 0}, {'district': <District.Trincomalee: 'Trincomalee'>, 'cases': 5}, {'district': <District.Kurunegala: 'Kurunegala'>, 'cases': 19}, {'district': <District.Puttalam: 'Puttalam'>, 'cases': 2}, {'district': <District.Anuradhapura: 'Anuradhapura'>, 'cases': 13}, {'district': <District.Polonnaruwa: 'Polonnaruwa'>, 'cases': 4}, {'district': <District.Badulla: 'Badulla'>, 'cases': 5}, {'district': <District.Moneragala: 'Moneragala'>, 'cases': 5}, {'district': <District.Ratnapura: 'Ratnapura'>, 'cases': 50}, {'district': <District.Kegalle: 'Kegalle'>, 'cases': 23}, {'district': <District.Kalmunai: 'Kalmunai'>, 'cases': 2}]"
2024-08-24,2024-08-30,857,"[{'district': <District.Colombo: 'Colombo'>, 'cases': 263}, {'district': <District.Gampaha: 'Gampaha'>, 'cases': 124}, {'district': <District.Kalutara: 'Kalutara'>, 'cases': 43}, {'district': <District.Kandy: 'Kandy'>, 'cases': 72}, {'district': <District.Matale: 'Matale'>, 'cases': 21}, {'district': <District.Nuwara_Eliya: 'Nuwara Eliya'>, 'cases': 7}, {'district': <District.Galle: 'Galle'>, 'cases': 27}, {'district': <District.Hambantota: 'Hambantota'>, 'cases': 11}, {'district': <District.Matara: 'Matara'>, 'cases': 22}, {'district': <District.Jaffna: 'Jaffna'>, 'cases': 16}, {'district': <District.Kilinochchi: 'Kilinochchi'>, 'cases': 3}, {'district': <District.Mannar: 'Mannar'>, 'cases': 10}, {'district': <District.Vavuniya: 'Vavuniya'>, 'cases': 3}, {'district': <District.Mullaitivu: 'Mullaitivu'>, 'cases': 0}, {'district': <District.Batticaloa: 'Batticaloa'>, 'cases': 21}, {'district': <District.Ampara: 'Ampara'>, 'cases': 2}, {'district': <District.Trincomalee: 'Trincomalee'>, 'cases': 3}, {'district': <District.Kurunegala: 'Kurunegala'>, 'cases': 20}, {'district': <District.Puttalam: 'Puttalam'>, 'cases': 9}, {'district': <District.Anuradhapura: 'Anuradhapura'>, 'cases': 7}, {'district': <District.Polonnaruwa: 'Polonnaruwa'>, 'cases': 10}, {'district': <District.Badulla: 'Badulla'>, 'cases': 10}, {'district': <District.Moneragala: 'Moneragala'>, 'cases': 15}, {'district': <District.Ratnapura: 'Ratnapura'>, 'cases': 25}, {'district': <District.Kegalle: 'Kegalle'>, 'cases': 77}, {'district': <District.Kalmunai: 'Kalmunai'>, 'cases': 36}]"
2016-10-08,2016-10-14,492,"[{'district': <District.Colombo: 'Colombo'>, 'cases': 89}, {'district': <District.Gampaha: 'Gampaha'>, 'cases': 31}, {'district': <District.Kalutara: 'Kalutara'>, 'cases': 26}, {'district': <District.Kandy: 'Kandy'>, 'cases': 27}, {'district': <District.Matale: 'Matale'>, 'cases': 17}, {'district': <District.Nuwara_Eliya: 'Nuwara Eliya'>, 'cases': 5}, {'district': <District.Galle: 'Galle'>, 'cases': 87}, {'district': <District.Hambantota: 'Hambantota'>, 'cases': 7}, {'district': <District.Matara: 'Matara'>, 'cases': 25}, {'district': <District.Jaffna: 'Jaffna'>, 'cases': 31}, {'district': <District.Kilinochchi: 'Kilinochchi'>, 'cases': 2}, {'district': <District.Mannar: 'Mannar'>, 'cases': 0}, {'district': <District.Vavuniya: 'Vavuniya'>, 'cases': 4}, {'district': <District.Mullaitivu: 'Mullaitivu'>, 'cases': 1}, {'district': <District.Batticaloa: 'Batticaloa'>, 'cases': 2}, {'district': <District.Ampara: 'Ampara'>, 'cases': 0}, {'district': <District.Trincomalee: 'Trincomalee'>, 'cases': 2}, {'district': <District.Kurunegala: 'Kurunegala'>, 'cases': 23}, {'district': <District.Puttalam: 'Puttalam'>, 'cases': 3}, {'district': <District.Anuradhapura: 'Anuradhapura'>, 'cases': 2}, {'district': <District.Polonnaruwa: 'Polonnaruwa'>, 'cases': 1}, {'district': <District.Badulla: 'Badulla'>, 'cases': 45}, {'district': <District.Moneragala: 'Moneragala'>, 'cases': 2}, {'district': <District.Ratnapura: 'Ratnapura'>, 'cases': 24}, {'district': <District.Kegalle: 'Kegalle'>, 'cases': 23}, {'district': <District.Kalmunai: 'Kalmunai'>, 'cases': 13}]"
2023-04-22,2023-04-28,26060,"[{'district': <District.Colombo: 'Colombo'>, 'cases': 271}, {'district': <District.Gampaha: 'Gampaha'>, 'cases': 123}, {'district': <District.Kalutara: 'Kalutara'>, 'cases': 90}, {'district': <District.Kandy: 'Kandy'>, 'cases': 126}, {'district': <District.Matale: 'Matale'>, 'cases': 30}, {'district': <District.Nuwara_Eliya: 'Nuwara Eliya'>, 'cases': 3}, {'district': <District.Galle: 'Galle'>, 'cases': 49}, {'district': <District.Hambantota: 'Hambantota'>, 'cases': 44}, {'district': <District.Matara: 'Matara'>, 'cases': 43}, {'district': <District.Jaffna: 'Jaffna'>, 'cases': 74}, {'district': <District.Kilinochchi: 'Kilinochchi'>, 'cases': 2}, {'district': <District.Mannar: 'Mannar'>, 'cases': 4}, {'district': <District.Vavuniya: 'Vavuniya'>, 'cases': 7}, {'district': <District.Mullaitivu: 'Mullaitivu'>, 'cases': 6}, {'district': <District.Batticaloa: 'Batticaloa'>, 'cases': 114}, {'district': <District.Ampara: 'Ampara'>, 'cases': 0}, {'district': <District.Trincomalee: 'Trincomalee'>, 'cases': 122}, {'district': <District.Kurunegala: 'Kurunegala'>, 'cases': 54}, {'district': <District.Puttalam: 'Puttalam'>, 'cases': 0}, {'district': <District.Anuradhapura: 'Anuradhapura'>, 'cases': 0}, {'district': <District.Polonnaruwa: 'Polonnaruwa'>, 'cases': 0}, {'district': <District.Badulla: 'Badulla'>, 'cases': 0}, {'district': <District.Moneragala: 'Moneragala'>, 'cases': 0}, {'district': <District.Ratnapura: 'Ratnapura'>, 'cases': 0}, {'district': <District.Kegalle: 'Kegalle'>, 'cases': 0}, {'district': <District.Kalmunai: 'Kalmunai'>, 'cases': 36}]"
2010-07-10,2010-07-16,930,"[{'district': <District.Colombo: 'Colombo'>, 'cases': 334}, {'district': <District.Gampaha: 'Gampaha'>, 'cases': 100}, {'district': <District.Kalutara: 'Kalutara'>, 'cases': 58}, {'district': <District.Kandy: 'Kandy'>, 'cases': 46}, {'district': <District.Matale: 'Matale'>, 'cases': 13}, {'district': <District.Nuwara_Eliya: 'Nuwara Eliya'>, 'cases': 11}, {'district': <District.Galle: 'Galle'>, 'cases': 30}, {'district': <District.Hambantota: 'Hambantota'>, 'cases': 15}, {'district': <District.Matara: 'Matara'>, 'cases': 17}, {'district': <District.Jaffna: 'Jaffna'>, 'cases': 29}, {'district': <District.Kilinochchi: 'Kilinochchi'>, 'cases': 0}, {'district': <District.Mannar: 'Mannar'>, 'cases': 19}, {'district': <District.Vavuniya: 'Vavuniya'>, 'cases': 7}, {'district': <District.Mullaitivu: 'Mullaitivu'>, 'cases': 0}, {'district': <District.Batticaloa: 'Batticaloa'>, 'cases': 8}, {'district': <District.Ampara: 'Ampara'>, 'cases': 3}, {'district': <District.Trincomalee: 'Trincomalee'>, 'cases': 11}, {'district': <District.Kurunegala: 'Kurunegala'>, 'cases': 43}, {'district': <District.Puttalam: 'Puttalam'>, 'cases': 7}, {'district': <District.Anuradhapura: 'Anuradhapura'>, 'cases': 11}, {'district': <District.Polonnaruwa: 'Polonnaruwa'>, 'cases': 2}, {'district': <District.Badulla: 'Badulla'>, 'cases': 37}, {'district': <District.Moneragala: 'Moneragala'>, 'cases': 53}, {'district': <District.Ratnapura: 'Ratnapura'>, 'cases': 64}, {'district': <District.Kegalle: 'Kegalle'>, 'cases': 12}, {'district': <District.Kalmunai: 'Kalmunai'>, 'cases': 0}]"
2015-02-21,2015-02-27,603,"[{'district': <District.Colombo: 'Colombo'>, 'cases': 192}, {'district': <District.Gampaha: 'Gampaha'>, 'cases': 24}, {'district': <District.Kalutara: 'Kalutara'>, 'cases': 41}, {'district': <District.Kandy: 'Kandy'>, 'cases': 5}, {'district': <District.Matale: 'Matale'>, 'cases': 21}, {'district': <District.Nuwara_Eliya: 'Nuwara Eliya'>, 'cases': 7}, {'district': <District.Galle: 'Galle'>, 'cases': 18}, {'district': <District.Hambantota: 'Hambantota'>, 'cases': 14}, {'district': <District.Matara: 'Matara'>, 'cases': 16}, {'district': <District.Jaffna: 'Jaffna'>, 'cases': 41}, {'district': <District.Kilinochchi: 'Kilinochchi'>, 'cases': 5}, {'district': <District.Mannar: 'Mannar'>, 'cases': 4}, {'district': <District.Vavuniya: 'Vavuniya'>, 'cases': 3}, {'district': <District.Mullaitivu: 'Mullaitivu'>, 'cases': 0}, {'district': <District.Batticaloa: 'Batticaloa'>, 'cases': 58}, {'district': <District.Ampara: 'Ampara'>, 'cases': 1}, {'district': <District.Trincomalee: 'Trincomalee'>, 'cases': 35}, {'district': <District.Kurunegala: 'Kurunegala'>, 'cases': 46}, {'district': <District.Puttalam: 'Puttalam'>, 'cases': 8}, {'district': <District.Anuradhapura: 'Anuradhapura'>, 'cases': 6}, {'district': <District.Polonnaruwa: 'Polonnaruwa'>, 'cases': 12}, {'district': <District.Badulla: 'Badulla'>, 'cases': 17}, {'district': <District.Moneragala: 'Moneragala'>, 'cases': 4}, {'district': <District.Ratnapura: 'Ratnapura'>, 'cases': 8}, {'district': <District.Kegalle: 'Kegalle'>, 'cases': 6}, {'district': <District.Kalmunai: 'Kalmunai'>, 'cases': 11}]"
2014-02-01,2014-02-07,395,"[{'district': <District.Colombo: 'Colombo'>, 'cases': 142}, {'district': <District.Gampaha: 'Gampaha'>, 'cases': 66}, {'district': <District.Kalutara: 'Kalutara'>, 'cases': 16}, {'district': <District.Kandy: 'Kandy'>, 'cases': 11}, {'district': <District.Matale: 'Matale'>, 'cases': 3}, {'district': <District.Nuwara_Eliya: 'Nuwara Eliya'>, 'cases': 1}, {'district': <District.Galle: 'Galle'>, 'cases': 18}, {'district': <District.Hambantota: 'Hambantota'>, 'cases': 9}, {'district': <District.Matara: 'Matara'>, 'cases': 7}, {'district': <District.Jaffna: 'Jaffna'>, 'cases': 24}, {'district': <District.Kilinochchi: 'Kilinochchi'>, 'cases': 0}, {'district': <District.Mannar: 'Mannar'>, 'cases': 0}, {'district': <District.Vavuniya: 'Vavuniya'>, 'cases': 0}, {'district': <District.Mullaitivu: 'Mullaitivu'>, 'cases': 1}, {'district': <District.Batticaloa: 'Batticaloa'>, 'cases': 12}, {'district': <District.Ampara: 'Ampara'>, 'cases': 1}, {'district': <District.Trincomalee: 'Trincomalee'>, 'cases': 7}, {'district': <District.Kurunegala: 'Kurunegala'>, 'cases': 28}, {'district': <District.Puttalam: 'Puttalam'>, 'cases': 14}, {'district': <District.Anuradhapura: 'Anuradhapura'>, 'cases': 5}, {'district': <District.Polonnaruwa: 'Polonnaruwa'>, 'cases': 0}, {'district': <District.Badulla: 'Badulla'>, 'cases': 7}, {'district': <District.Moneragala: 'Moneragala'>, 'cases': 2}, {'district': <District.Ratnapura: 'Ratnapura'>, 'cases': 15}, {'district': <District.Kegalle: 'Kegalle'>, 'cases': 6}, {'district': <District.Kalmunai: 'Kalmunai'>, 'cases': 0}]"
2020-08-01,2020-08-07,419,"[{'district': <District.Colombo: 'Colombo'>, 'cases': 72}, {'district': <District.Gampaha: 'Gampaha'>, 'cases': 23}, {'district': <District.Kalutara: 'Kalutara'>, 'cases': 28}, {'district': <District.Kandy: 'Kandy'>, 'cases': 97}, {'district': <District.Matale: 'Matale'>, 'cases': 5}, {'district': <District.Nuwara_Eliya: 'Nuwara Eliya'>, 'cases': 4}, {'district': <District.Galle: 'Galle'>, 'cases': 19}, {'district': <District.Hambantota: 'Hambantota'>, 'cases': 2}, {'district': <District.Matara: 'Matara'>, 'cases': 6}, {'district': <District.Jaffna: 'Jaffna'>, 'cases': 4}, {'district': <District.Kilinochchi: 'Kilinochchi'>, 'cases': 2}, {'district': <District.Mannar: 'Mannar'>, 'cases': 2}, {'district': <District.Vavuniya: 'Vavuniya'>, 'cases': 0}, {'district': <District.Mullaitivu: 'Mullaitivu'>, 'cases': 0}, {'district': <District.Batticaloa: 'Batticaloa'>, 'cases': 16}, {'district': <District.Ampara: 'Ampara'>, 'cases': 0}, {'district': <District.Trincomalee: 'Trincomalee'>, 'cases': 3}, {'district': <District.Kurunegala: 'Kurunegala'>, 'cases': 12}, {'district': <District.Puttalam: 'Puttalam'>, 'cases': 5}, {'district': <District.Anuradhapura: 'Anuradhapura'>, 'cases': 6}, {'district': <District.Polonnaruwa: 'Polonnaruwa'>, 'cases': 0}, {'district': <District.Badulla: 'Badulla'>, 'cases': 5}, {'district': <District.Moneragala: 'Moneragala'>, 'cases': 0}, {'district': <District.Ratnapura: 'Ratnapura'>, 'cases': 75}, {'district': <District.Kegalle: 'Kegalle'>, 'cases': 26}, {'district': <District.Kalmunai: 'Kalmunai'>, 'cases': 7}]"
2016-07-30,2016-08-05,1266,"[{'district': <District.Colombo: 'Colombo'>, 'cases': 332}, {'district': <District.Gampaha: 'Gampaha'>, 'cases': 52}, {'district': <District.Kalutara: 'Kalutara'>, 'cases': 57}, {'district': <District.Kandy: 'Kandy'>, 'cases': 204}, {'district': <District.Matale: 'Matale'>, 'cases': 27}, {'district': <District.Nuwara_Eliya: 'Nuwara Eliya'>, 'cases': 20}, {'district': <District.Galle: 'Galle'>, 'cases': 77}, {'district': <District.Hambantota: 'Hambantota'>, 'cases': 20}, {'district': <District.Matara: 'Matara'>, 'cases': 49}, {'district': <District.Jaffna: 'Jaffna'>, 'cases': 61}, {'district': <District.Kilinochchi: 'Kilinochchi'>, 'cases': 1}, {'district': <District.Mannar: 'Mannar'>, 'cases': 0}, {'district': <District.Vavuniya: 'Vavuniya'>, 'cases': 1}, {'district': <District.Mullaitivu: 'Mullaitivu'>, 'cases': 7}, {'district': <District.Batticaloa: 'Batticaloa'>, 'cases': 12}, {'district': <District.Ampara: 'Ampara'>, 'cases': 4}, {'district': <District.Trincomalee: 'Trincomalee'>, 'cases': 8}, {'district': <District.Kurunegala: 'Kurunegala'>, 'cases': 99}, {'district': <District.Puttalam: 'Puttalam'>, 'cases': 35}, {'district': <District.Anuradhapura: 'Anuradhapura'>, 'cases': 11}, {'district': <District.Polonnaruwa: 'Polonnaruwa'>, 'cases': 14}, {'district': <District.Badulla: 'Badulla'>, 'cases': 27}, {'district': <District.Moneragala: 'Moneragala'>, 'cases': 16}, {'district': <District.Ratnapura: 'Ratnapura'>, 'cases': 108}, {'district': <District.Kegalle: 'Kegalle'>, 'cases': 21}, {'district': <District.Kalmunai: 'Kalmunai'>, 'cases': 3}]"
2025-02-22,2025-02-28,936,"[{'district': <District.Colombo: 'Colombo'>, 'cases': 217}, {'district': <District.Gampaha: 'Gampaha'>, 'cases': 132}, {'district': <District.Kalutara: 'Kalutara'>, 'cases': 44}, {'district': <District.Kandy: 'Kandy'>, 'cases': 63}, {'district': <District.Matale: 'Matale'>, 'cases': 40}, {'district': <District.Nuwara_Eliya: 'Nuwara Eliya'>, 'cases': 6}, {'district': <District.Galle: 'Galle'>, 'cases': 43}, {'district': <District.Hambantota: 'Hambantota'>, 'cases': 10}, {'district': <District.Matara: 'Matara'>, 'cases': 35}, {'district': <District.Jaffna: 'Jaffna'>, 'cases': 30}, {'district': <District.Kilinochchi: 'Kilinochchi'>, 'cases': 2}, {'district': <District.Mannar: 'Mannar'>, 'cases': 4}, {'district': <District.Vavuniya: 'Vavuniya'>, 'cases': 0}, {'district': <District.Mullaitivu: 'Mullaitivu'>, 'cases': 0}, {'district': <District.Batticaloa: 'Batticaloa'>, 'cases': 81}, {'district': <District.Ampara: 'Ampara'>, 'cases': 5}, {'district': <District.Trincomalee: 'Trincomalee'>, 'cases': 29}, {'district': <District.Kurunegala: 'Kurunegala'>, 'cases': 20}, {'district': <District.Puttalam: 'Puttalam'>, 'cases': 24}, {'district': <District.Anuradhapura: 'Anuradhapura'>, 'cases': 24}, {'district': <District.Polonnaruwa: 'Polonnaruwa'>, 'cases': 9}, {'district': <District.Badulla: 'Badulla'>, 'cases': 8}, {'district': <District.Moneragala: 'Moneragala'>, 'cases': 15}, {'district': <District.Ratnapura: 'Ratnapura'>, 'cases': 50}, {'district': <District.Kegalle: 'Kegalle'>, 'cases': 35}, {'district': <District.Kalmunai: 'Kalmunai'>, 'cases': 10}]"
2017-12-09,2017-12-15,2270,"[{'district': <District.Colombo: 'Colombo'>, 'cases': 346}, {'district': <District.Gampaha: 'Gampaha'>, 'cases': 247}, {'district': <District.Kalutara: 'Kalutara'>, 'cases': 125}, {'district': <District.Kandy: 'Kandy'>, 'cases': 224}, {'district': <District.Matale: 'Matale'>, 'cases': 41}, {'district': <District.Nuwara_Eliya: 'Nuwara Eliya'>, 'cases': 6}, {'district': <District.Galle: 'Galle'>, 'cases': 49}, {'district': <District.Hambantota: 'Hambantota'>, 'cases': 36}, {'district': <District.Matara: 'Matara'>, 'cases': 38}, {'district': <District.Jaffna: 'Jaffna'>, 'cases': 191}, {'district': <District.Kilinochchi: 'Kilinochchi'>, 'cases': 7}, {'district': <District.Mannar: 'Mannar'>, 'cases': 7}, {'district': <District.Vavuniya: 'Vavuniya'>, 'cases': 34}, {'district': <District.Mullaitivu: 'Mullaitivu'>, 'cases': 11}, {'district': <District.Batticaloa: 'Batticaloa'>, 'cases': 117}, {'district': <District.Ampara: 'Ampara'>, 'cases': 24}, {'district': <District.Trincomalee: 'Trincomalee'>, 'cases': 32}, {'district': <District.Kurunegala: 'Kurunegala'>, 'cases': 88}, {'district': <District.Puttalam: 'Puttalam'>, 'cases': 212}, {'district': <District.Anuradhapura: 'Anuradhapura'>, 'cases': 36}, {'district': <District.Polonnaruwa: 'Polonnaruwa'>, 'cases': 16}, {'district': <District.Badulla: 'Badulla'>, 'cases': 40}, {'district': <District.Moneragala: 'Moneragala'>, 'cases': 54}, {'district': <District.Ratnapura: 'Ratnapura'>, 'cases': 89}, {'district': <District.Kegalle: 'Kegalle'>, 'cases': 74}, {'district': <District.Kalmunai: 'Kalmunai'>, 'cases': 126}]"
2011-08-13,2011-08-19,395,"[{'district': <District.Colombo: 'Colombo'>, 'cases': 149}, {'district': <District.Gampaha: 'Gampaha'>, 'cases': 100}, {'district': <District.Kalutara: 'Kalutara'>, 'cases': 19}, {'district': <District.Kandy: 'Kandy'>, 'cases': 18}, {'district': <District.Matale: 'Matale'>, 'cases': 2}, {'district': <District.Nuwara_Eliya: 'Nuwara Eliya'>, 'cases': 3}, {'district': <District.Galle: 'Galle'>, 'cases': 6}, {'district': <District.Hambantota: 'Hambantota'>, 'cases': 7}, {'district': <District.Matara: 'Matara'>, 'cases': 2}, {'district': <District.Jaffna: 'Jaffna'>, 'cases': 9}, {'district': <District.Kilinochchi: 'Kilinochchi'>, 'cases': 3}, {'district': <District.Mannar: 'Mannar'>, 'cases': 0}, {'district': <District.Vavuniya: 'Vavuniya'>, 'cases': 0}, {'district': <District.Mullaitivu: 'Mullaitivu'>, 'cases': 0}, {'district': <District.Batticaloa: 'Batticaloa'>, 'cases': 2}, {'district': <District.Ampara: 'Ampara'>, 'cases': 2}, {'district': <District.Trincomalee: 'Trincomalee'>, 'cases': 2}, {'district': <District.Kurunegala: 'Kurunegala'>, 'cases': 17}, {'district': <District.Puttalam: 'Puttalam'>, 'cases': 4}, {'district': <District.Anuradhapura: 'Anuradhapura'>, 'cases': 2}, {'district': <District.Polonnaruwa: 'Polonnaruwa'>, 'cases': 3}, {'district': <District.Badulla: 'Badulla'>, 'cases': 13}, {'district': <District.Moneragala: 'Moneragala'>, 'cases': 3}, {'district': <District.Ratnapura: 'Ratnapura'>, 'cases': 12}, {'district': <District.Kegalle: 'Kegalle'>, 'cases': 17}, {'district': <District.Kalmunai: 'Kalmunai'>, 'cases': 0}]"
2013-08-31,2013-09-06,441,"[{'district': <District.Colombo: 'Colombo'>, 'cases': 132}, {'district': <District.Gampaha: 'Gampaha'>, 'cases': 85}, {'district': <District.Kalutara: 'Kalutara'>, 'cases': 37}, {'district': <District.Kandy: 'Kandy'>, 'cases': 24}, {'district': <District.Matale: 'Matale'>, 'cases': 5}, {'district': <District.Nuwara_Eliya: 'Nuwara Eliya'>, 'cases': 8}, {'district': <District.Galle: 'Galle'>, 'cases': 21}, {'district': <District.Hambantota: 'Hambantota'>, 'cases': 7}, {'district': <District.Matara: 'Matara'>, 'cases': 5}, {'district': <District.Jaffna: 'Jaffna'>, 'cases': 4}, {'district': <District.Kilinochchi: 'Kilinochchi'>, 'cases': 3}, {'district': <District.Mannar: 'Mannar'>, 'cases': 2}, {'district': <District.Vavuniya: 'Vavuniya'>, 'cases': 0}, {'district': <District.Mullaitivu: 'Mullaitivu'>, 'cases': 1}, {'district': <District.Batticaloa: 'Batticaloa'>, 'cases': 6}, {'district': <District.Ampara: 'Ampara'>, 'cases': 1}, {'district': <District.Trincomalee: 'Trincomalee'>, 'cases': 2}, {'district': <District.Kurunegala: 'Kurunegala'>, 'cases': 26}, {'district': <District.Puttalam: 'Puttalam'>, 'cases': 11}, {'district': <District.Anuradhapura: 'Anuradhapura'>, 'cases': 4}, {'district': <District.Polonnaruwa: 'Polonnaruwa'>, 'cases': 2}, {'district': <District.Badulla: 'Badulla'>, 'cases': 15}, {'district': <District.Moneragala: 'Moneragala'>, 'cases': 2}, {'district': <District.Ratnapura: 'Ratnapura'>, 'cases': 23}, {'district': <District.Kegalle: 'Kegalle'>, 'cases': 12}, {'district': <District.Kalmunai: 'Kalmunai'>, 'cases': 3}]"
2008-10-11,2008-10-17,72,"[{'district': <District.Colombo: 'Colombo'>, 'cases': 23}, {'district': <District.Gampaha: 'Gampaha'>, 'cases': 11}, {'district': <District.Kalutara: 'Kalutara'>, 'cases': 4}, {'district': <District.Kandy: 'Kandy'>, 'cases': 6}, {'district': <District.Matale: 'Matale'>, 'cases': 7}, {'district': <District.Nuwara_Eliya: 'Nuwara Eliya'>, 'cases': 1}, {'district': <District.Galle: 'Galle'>, 'cases': 1}, {'district': <District.Hambantota: 'Hambantota'>, 'cases': 0}, {'district': <District.Matara: 'Matara'>, 'cases': 5}, {'district': <District.Jaffna: 'Jaffna'>, 'cases': 0}, {'district': <District.Kilinochchi: 'Kilinochchi'>, 'cases': 0}, {'district': <District.Mannar: 'Mannar'>, 'cases': 0}, {'district': <District.Vavuniya: 'Vavuniya'>, 'cases': 0}, {'district': <District.Mullaitivu: 'Mullaitivu'>, 'cases': 0}, {'district': <District.Batticaloa: 'Batticaloa'>, 'cases': 0}, {'district': <District.Ampara: 'Ampara'>, 'cases': 0}, {'district': <District.Trincomalee: 'Trincomalee'>, 'cases': 0}, {'district': <District.Kurunegala: 'Kurunegala'>, 'cases': 5}, {'district': <District.Puttalam: 'Puttalam'>, 'cases': 0}, {'district': <District.Anuradhapura: 'Anuradhapura'>, 'cases': 0}, {'district': <District.Polonnaruwa: 'Polonnaruwa'>, 'cases': 0}, {'district': <District.Badulla: 'Badulla'>, 'cases': 0}, {'district': <District.Moneragala: 'Moneragala'>, 'cases': 1}, {'district': <District.Ratnapura: 'Ratnapura'>, 'cases': 3}, {'district': <District.Kegalle: 'Kegalle'>, 'cases': 0}, {'district': <District.Kalmunai: 'Kalmunai'>, 'cases': 0}]"
2012-03-10,2012-03-16,373,"[{'district': <District.Colombo: 'Colombo'>, 'cases': 75}, {'district': <District.Gampaha: 'Gampaha'>, 'cases': 46}, {'district': <District.Kalutara: 'Kalutara'>, 'cases': 30}, {'district': <District.Kandy: 'Kandy'>, 'cases': 21}, {'district': <District.Matale: 'Matale'>, 'cases': 10}, {'district': <District.Nuwara_Eliya: 'Nuwara Eliya'>, 'cases': 10}, {'district': <District.Galle: 'Galle'>, 'cases': 22}, {'district': <District.Hambantota: 'Hambantota'>, 'cases': 7}, {'district': <District.Matara: 'Matara'>, 'cases': 30}, {'district': <District.Jaffna: 'Jaffna'>, 'cases': 16}, {'district': <District.Kilinochchi: 'Kilinochchi'>, 'cases': 0}, {'district': <District.Mannar: 'Mannar'>, 'cases': 1}, {'district': <District.Vavuniya: 'Vavuniya'>, 'cases': 1}, {'district': <District.Mullaitivu: 'Mullaitivu'>, 'cases': 0}, {'district': <District.Batticaloa: 'Batticaloa'>, 'cases': 14}, {'district': <District.Ampara: 'Ampara'>, 'cases': 1}, {'district': <District.Trincomalee: 'Trincomalee'>, 'cases': 3}, {'district': <District.Kurunegala: 'Kurunegala'>, 'cases': 13}, {'district': <District.Puttalam: 'Puttalam'>, 'cases': 12}, {'district': <District.Anuradhapura: 'Anuradhapura'>, 'cases': 7}, {'district': <District.Polonnaruwa: 'Polonnaruwa'>, 'cases': 2}, {'district': <District.Badulla: 'Badulla'>, 'cases': 1}, {'district': <District.Moneragala: 'Moneragala'>, 'cases': 5}, {'district': <District.Ratnapura: 'Ratnapura'>, 'cases': 28}, {'district': <District.Kegalle: 'Kegalle'>, 'cases': 16}, {'district': <District.Kalmunai: 'Kalmunai'>, 'cases': 2}]"
2017-05-20,2017-05-26,4679,"[{'district': <District.Colombo: 'Colombo'>, 'cases': 845}, {'district': <District.Gampaha: 'Gampaha'>, 'cases': 820}, {'district': <District.Kalutara: 'Kalutara'>, 'cases': 282}, {'district': <District.Kandy: 'Kandy'>, 'cases': 250}, {'district': <District.Matale: 'Matale'>, 'cases': 56}, {'district': <District.Nuwara_Eliya: 'Nuwara Eliya'>, 'cases': 20}, {'district': <District.Galle: 'Galle'>, 'cases': 101}, {'district': <District.Hambantota: 'Hambantota'>, 'cases': 93}, {'district': <District.Matara: 'Matara'>, 'cases': 157}, {'district': <District.Jaffna: 'Jaffna'>, 'cases': 80}, {'district': <District.Kilinochchi: 'Kilinochchi'>, 'cases': 7}, {'district': <District.Mannar: 'Mannar'>, 'cases': 19}, {'district': <District.Vavuniya: 'Vavuniya'>, 'cases': 17}, {'district': <District.Mullaitivu: 'Mullaitivu'>, 'cases': 10}, {'district': <District.Batticaloa: 'Batticaloa'>, 'cases': 217}, {'district': <District.Ampara: 'Ampara'>, 'cases': 18}, {'district': <District.Trincomalee: 'Trincomalee'>, 'cases': 35}, {'district': <District.Kurunegala: 'Kurunegala'>, 'cases': 526}, {'district': <District.Puttalam: 'Puttalam'>, 'cases': 154}, {'district': <District.Anuradhapura: 'Anuradhapura'>, 'cases': 61}, {'district': <District.Polonnaruwa: 'Polonnaruwa'>, 'cases': 43}, {'district': <District.Badulla: 'Badulla'>, 'cases': 25}, {'district': <District.Moneragala: 'Moneragala'>, 'cases': 62}, {'district': <District.Ratnapura: 'Ratnapura'>, 'cases': 69}, {'district': <District.Kegalle: 'Kegalle'>, 'cases': 451}, {'district': <District.Kalmunai: 'Kalmunai'>, 'cases': 241}]"
2011-10-22,2011-10-28,495,"[{'district': <District.Colombo: 'Colombo'>, 'cases': 126}, {'district': <District.Gampaha: 'Gampaha'>, 'cases': 71}, {'district': <District.Kalutara: 'Kalutara'>, 'cases': 22}, {'district': <District.Kandy: 'Kandy'>, 'cases': 64}, {'district': <District.Matale: 'Matale'>, 'cases': 5}, {'district': <District.Nuwara_Eliya: 'Nuwara Eliya'>, 'cases': 3}, {'district': <District.Galle: 'Galle'>, 'cases': 2}, {'district': <District.Hambantota: 'Hambantota'>, 'cases': 4}, {'district': <District.Matara: 'Matara'>, 'cases': 6}, {'district': <District.Jaffna: 'Jaffna'>, 'cases': 3}, {'district': <District.Kilinochchi: 'Kilinochchi'>, 'cases': 1}, {'district': <District.Mannar: 'Mannar'>, 'cases': 6}, {'district': <District.Vavuniya: 'Vavuniya'>, 'cases': 0}, {'district': <District.Mullaitivu: 'Mullaitivu'>, 'cases': 0}, {'district': <District.Batticaloa: 'Batticaloa'>, 'cases': 35}, {'district': <District.Ampara: 'Ampara'>, 'cases': 4}, {'district': <District.Trincomalee: 'Trincomalee'>, 'cases': 1}, {'district': <District.Kurunegala: 'Kurunegala'>, 'cases': 19}, {'district': <District.Puttalam: 'Puttalam'>, 'cases': 9}, {'district': <District.Anuradhapura: 'Anuradhapura'>, 'cases': 3}, {'district': <District.Polonnaruwa: 'Polonnaruwa'>, 'cases': 8}, {'district': <District.Badulla: 'Badulla'>, 'cases': 14}, {'district': <District.Moneragala: 'Moneragala'>, 'cases': 8}, {'district': <District.Ratnapura: 'Ratnapura'>, 'cases': 16}, {'district': <District.Kegalle: 'Kegalle'>, 'cases': 63}, {'district': <District.Kalmunai: 'Kalmunai'>, 'cases': 2}]"
2012-03-17,2012-03-23,454,"[{'district': <District.Colombo: 'Colombo'>, 'cases': 126}, {'district': <District.Gampaha: 'Gampaha'>, 'cases': 53}, {'district': <District.Kalutara: 'Kalutara'>, 'cases': 21}, {'district': <District.Kandy: 'Kandy'>, 'cases': 25}, {'district': <District.Matale: 'Matale'>, 'cases': 4}, {'district': <District.Nuwara_Eliya: 'Nuwara Eliya'>, 'cases': 7}, {'district': <District.Galle: 'Galle'>, 'cases': 23}, {'district': <District.Hambantota: 'Hambantota'>, 'cases': 9}, {'district': <District.Matara: 'Matara'>, 'cases': 27}, {'district': <District.Jaffna: 'Jaffna'>, 'cases': 5}, {'district': <District.Kilinochchi: 'Kilinochchi'>, 'cases': 2}, {'district': <District.Mannar: 'Mannar'>, 'cases': 2}, {'district': <District.Vavuniya: 'Vavuniya'>, 'cases': 2}, {'district': <District.Mullaitivu: 'Mullaitivu'>, 'cases': 1}, {'district': <District.Batticaloa: 'Batticaloa'>, 'cases': 21}, {'district': <District.Ampara: 'Ampara'>, 'cases': 1}, {'district': <District.Trincomalee: 'Trincomalee'>, 'cases': 2}, {'district': <District.Kurunegala: 'Kurunegala'>, 'cases': 23}, {'district': <District.Puttalam: 'Puttalam'>, 'cases': 20}, {'district': <District.Anuradhapura: 'Anuradhapura'>, 'cases': 4}, {'district': <District.Polonnaruwa: 'Polonnaruwa'>, 'cases': 1}, {'district': <District.Badulla: 'Badulla'>, 'cases': 3}, {'district': <District.Moneragala: 'Moneragala'>, 'cases': 6}, {'district': <District.Ratnapura: 'Ratnapura'>, 'cases': 36}, {'district': <District.Kegalle: 'Kegalle'>, 'cases': 23}, {'district': <District.Kalmunai: 'Kalmunai'>, 'cases': 7}]"
2009-05-30,2009-06-05,978,"[{'district': <District.Colombo: 'Colombo'>, 'cases': 110}, {'district': <District.Gampaha: 'Gampaha'>, 'cases': 120}, {'district': <District.Kalutara: 'Kalutara'>, 'cases': 75}, {'district': <District.Kandy: 'Kandy'>, 'cases': 154}, {'district': <District.Matale: 'Matale'>, 'cases': 34}, {'district': <District.Nuwara_Eliya: 'Nuwara Eliya'>, 'cases': 4}, {'district': <District.Galle: 'Galle'>, 'cases': 17}, {'district': <District.Hambantota: 'Hambantota'>, 'cases': 66}, {'district': <District.Matara: 'Matara'>, 'cases': 42}, {'district': <District.Jaffna: 'Jaffna'>, 'cases': 0}, {'district': <District.Kilinochchi: 'Kilinochchi'>, 'cases': 0}, {'district': <District.Mannar: 'Mannar'>, 'cases': 0}, {'district': <District.Vavuniya: 'Vavuniya'>, 'cases': 0}, {'district': <District.Mullaitivu: 'Mullaitivu'>, 'cases': 0}, {'district': <District.Batticaloa: 'Batticaloa'>, 'cases': 11}, {'district': <District.Ampara: 'Ampara'>, 'cases': 4}, {'district': <District.Trincomalee: 'Trincomalee'>, 'cases': 4}, {'district': <District.Kurunegala: 'Kurunegala'>, 'cases': 70}, {'district': <District.Puttalam: 'Puttalam'>, 'cases': 31}, {'district': <District.Anuradhapura: 'Anuradhapura'>, 'cases': 21}, {'district': <District.Polonnaruwa: 'Polonnaruwa'>, 'cases': 0}, {'district': <District.Badulla: 'Badulla'>, 'cases': 12}, {'district': <District.Moneragala: 'Moneragala'>, 'cases': 9}, {'district': <District.Ratnapura: 'Ratnapura'>, 'cases': 61}, {'district': <District.Kegalle: 'Kegalle'>, 'cases': 128}, {'district': <District.Kalmunai: 'Kalmunai'>, 'cases': 5}]"
2008-07-26,2008-08-01,112,"[{'district': <District.Colombo: 'Colombo'>, 'cases': 42}, {'district': <District.Gampaha: 'Gampaha'>, 'cases': 13}, {'district': <District.Kalutara: 'Kalutara'>, 'cases': 12}, {'district': <District.Kandy: 'Kandy'>, 'cases': 7}, {'district': <District.Matale: 'Matale'>, 'cases': 1}, {'district': <District.Nuwara_Eliya: 'Nuwara Eliya'>, 'cases': 2}, {'district': <District.Galle: 'Galle'>, 'cases': 4}, {'district': <District.Hambantota: 'Hambantota'>, 'cases': 1}, {'district': <District.Matara: 'Matara'>, 'cases': 7}, {'district': <District.Jaffna: 'Jaffna'>, 'cases': 0}, {'district': <District.Kilinochchi: 'Kilinochchi'>, 'cases': 0}, {'district': <District.Mannar: 'Mannar'>, 'cases': 0}, {'district': <District.Vavuniya: 'Vavuniya'>, 'cases': 1}, {'district': <District.Mullaitivu: 'Mullaitivu'>, 'cases': 0}, {'district': <District.Batticaloa: 'Batticaloa'>, 'cases': 0}, {'district': <District.Ampara: 'Ampara'>, 'cases': 0}, {'district': <District.Trincomalee: 'Trincomalee'>, 'cases': 0}, {'district': <District.Kurunegala: 'Kurunegala'>, 'cases': 4}, {'district': <District.Puttalam: 'Puttalam'>, 'cases': 2}, {'district': <District.Anuradhapura: 'Anuradhapura'>, 'cases': 0}, {'district': <District.Polonnaruwa: 'Polonnaruwa'>, 'cases': 0}, {'district': <District.Badulla: 'Badulla'>, 'cases': 1}, {'district': <District.Moneragala: 'Moneragala'>, 'cases': 0}, {'district': <District.Ratnapura: 'Ratnapura'>, 'cases': 2}, {'district': <District.Kegalle: 'Kegalle'>, 'cases': 12}, {'district': <District.Kalmunai: 'Kalmunai'>, 'cases': 1}]"
2013-11-09,2013-11-15,414,"[{'district': <District.Colombo: 'Colombo'>, 'cases': 177}, {'district': <District.Gampaha: 'Gampaha'>, 'cases': 62}, {'district': <District.Kalutara: 'Kalutara'>, 'cases': 23}, {'district': <District.Kandy: 'Kandy'>, 'cases': 25}, {'district': <District.Matale: 'Matale'>, 'cases': 10}, {'district': <District.Nuwara_Eliya: 'Nuwara Eliya'>, 'cases': 2}, {'district': <District.Galle: 'Galle'>, 'cases': 13}, {'district': <District.Hambantota: 'Hambantota'>, 'cases': 4}, {'district': <District.Matara: 'Matara'>, 'cases': 6}, {'district': <District.Jaffna: 'Jaffna'>, 'cases': 11}, {'district': <District.Kilinochchi: 'Kilinochchi'>, 'cases': 0}, {'district': <District.Mannar: 'Mannar'>, 'cases': 0}, {'district': <District.Vavuniya: 'Vavuniya'>, 'cases': 0}, {'district': <District.Mullaitivu: 'Mullaitivu'>, 'cases': 0}, {'district': <District.Batticaloa: 'Batticaloa'>, 'cases': 2}, {'district': <District.Ampara: 'Ampara'>, 'cases': 7}, {'district': <District.Trincomalee: 'Trincomalee'>, 'cases': 1}, {'district': <District.Kurunegala: 'Kurunegala'>, 'cases': 13}, {'district': <District.Puttalam: 'Puttalam'>, 'cases': 10}, {'district': <District.Anuradhapura: 'Anuradhapura'>, 'cases': 4}, {'district': <District.Polonnaruwa: 'Polonnaruwa'>, 'cases': 11}, {'district': <District.Badulla: 'Badulla'>, 'cases': 6}, {'district': <District.Moneragala: 'Moneragala'>, 'cases': 4}, {'district': <District.Ratnapura: 'Ratnapura'>, 'cases': 7}, {'district': <District.Kegalle: 'Kegalle'>, 'cases': 16}, {'district': <District.Kalmunai: 'Kalmunai'>, 'cases': 0}]"
2021-01-26,2021-01-01,400,"[{'district': <District.Colombo: 'Colombo'>, 'cases': 30}, {'district': <District.Gampaha: 'Gampaha'>, 'cases': 16}, {'district': <District.Kalutara: 'Kalutara'>, 'cases': 6}, {'district': <District.Kandy: 'Kandy'>, 'cases': 6}, {'district': <District.Matale: 'Matale'>, 'cases': 6}, {'district': <District.Nuwara_Eliya: 'Nuwara Eliya'>, 'cases': 0}, {'district': <District.Galle: 'Galle'>, 'cases': 6}, {'district': <District.Hambantota: 'Hambantota'>, 'cases': 1}, {'district': <District.Matara: 'Matara'>, 'cases': 2}, {'district': <District.Jaffna: 'Jaffna'>, 'cases': 13}, {'district': <District.Kilinochchi: 'Kilinochchi'>, 'cases': 0}, {'district': <District.Mannar: 'Mannar'>, 'cases': 1}, {'district': <District.Vavuniya: 'Vavuniya'>, 'cases': 1}, {'district': <District.Mullaitivu: 'Mullaitivu'>, 'cases': 3}, {'district': <District.Batticaloa: 'Batticaloa'>, 'cases': 278}, {'district': <District.Ampara: 'Ampara'>, 'cases': 0}, {'district': <District.Trincomalee: 'Trincomalee'>, 'cases': 2}, {'district': <District.Kurunegala: 'Kurunegala'>, 'cases': 3}, {'district': <District.Puttalam: 'Puttalam'>, 'cases': 2}, {'district': <District.Anuradhapura: 'Anuradhapura'>, 'cases': 3}, {'district': <District.Polonnaruwa: 'Polonnaruwa'>, 'cases': 3}, {'district': <District.Badulla: 'Badulla'>, 'cases': 10}, {'district': <District.Moneragala: 'Moneragala'>, 'cases': 0}, {'district': <District.Ratnapura: 'Ratnapura'>, 'cases': 1}, {'district': <District.Kegalle: 'Kegalle'>, 'cases': 3}, {'district': <District.Kalmunai: 'Kalmunai'>, 'cases': 4}]"
2007-02-24,2007-03-02,59,"[{'district': <District.Colombo: 'Colombo'>, 'cases': 20}, {'district': <District.Gampaha: 'Gampaha'>, 'cases': 5}, {'district': <District.Kalutara: 'Kalutara'>, 'cases': 5}, {'district': <District.Kandy: 'Kandy'>, 'cases': 7}, {'district': <District.Matale: 'Matale'>, 'cases': 1}, {'district': <District.Nuwara_Eliya: 'Nuwara Eliya'>, 'cases': 0}, {'district': <District.Galle: 'Galle'>, 'cases': 1}, {'district': <District.Hambantota: 'Hambantota'>, 'cases': 1}, {'district': <District.Matara: 'Matara'>, 'cases': 3}, {'district': <District.Jaffna: 'Jaffna'>, 'cases': 0}, {'district': <District.Kilinochchi: 'Kilinochchi'>, 'cases': 0}, {'district': <District.Mannar: 'Mannar'>, 'cases': 0}, {'district': <District.Vavuniya: 'Vavuniya'>, 'cases': 0}, {'district': <District.Mullaitivu: 'Mullaitivu'>, 'cases': 0}, {'district': <District.Batticaloa: 'Batticaloa'>, 'cases': 1}, {'district': <District.Ampara: 'Ampara'>, 'cases': 1}, {'district': <District.Trincomalee: 'Trincomalee'>, 'cases': 0}, {'district': <District.Kurunegala: 'Kurunegala'>, 'cases': 8}, {'district': <District.Puttalam: 'Puttalam'>, 'cases': 2}, {'district': <District.Anuradhapura: 'Anuradhapura'>, 'cases': 0}, {'district': <District.Polonnaruwa: 'Polonnaruwa'>, 'cases': 1}, {'district': <District.Badulla: 'Badulla'>, 'cases': 1}, {'district': <District.Moneragala: 'Moneragala'>, 'cases': 0}, {'district': <District.Ratnapura: 'Ratnapura'>, 'cases': 1}, {'district': <District.Kegalle: 'Kegalle'>, 'cases': 1}, {'district': <District.Kalmunai: 'Kalmunai'>, 'cases': 0}]"
2014-07-28,2014-08-03,1130,"[{'district': <District.Colombo: 'Colombo'>, 'cases': 426}, {'district': <District.Gampaha: 'Gampaha'>, 'cases': 114}, {'district': <District.Kalutara: 'Kalutara'>, 'cases': 93}, {'district': <District.Kandy: 'Kandy'>, 'cases': 37}, {'district': <District.Matale: 'Matale'>, 'cases': 15}, {'district': <District.Nuwara_Eliya: 'Nuwara Eliya'>, 'cases': 4}, {'district': <District.Galle: 'Galle'>, 'cases': 37}, {'district': <District.Hambantota: 'Hambantota'>, 'cases': 12}, {'district': <District.Matara: 'Matara'>, 'cases': 32}, {'district': <District.Jaffna: 'Jaffna'>, 'cases': 52}, {'district': <District.Kilinochchi: 'Kilinochchi'>, 'cases': 2}, {'district': <District.Mannar: 'Mannar'>, 'cases': 4}, {'district': <District.Vavuniya: 'Vavuniya'>, 'cases': 5}, {'district': <District.Mullaitivu: 'Mullaitivu'>, 'cases': 1}, {'district': <District.Batticaloa: 'Batticaloa'>, 'cases': 19}, {'district': <District.Ampara: 'Ampara'>, 'cases': 2}, {'district': <District.Trincomalee: 'Trincomalee'>, 'cases': 6}, {'district': <District.Kurunegala: 'Kurunegala'>, 'cases': 66}, {'district': <District.Puttalam: 'Puttalam'>, 'cases': 24}, {'district': <District.Anuradhapura: 'Anuradhapura'>, 'cases': 10}, {'district': <District.Polonnaruwa: 'Polonnaruwa'>, 'cases': 4}, {'district': <District.Badulla: 'Badulla'>, 'cases': 8}, {'district': <District.Moneragala: 'Moneragala'>, 'cases': 2}, {'district': <District.Ratnapura: 'Ratnapura'>, 'cases': 98}, {'district': <District.Kegalle: 'Kegalle'>, 'cases': 55}, {'district': <District.Kalmunai: 'Kalmunai'>, 'cases': 2}]"
2019-04-06,2019-04-12,687,"[{'district': <District.Colombo: 'Colombo'>, 'cases': 166}, {'district': <District.Gampaha: 'Gampaha'>, 'cases': 91}, {'district': <District.Kalutara: 'Kalutara'>, 'cases': 38}, {'district': <District.Kandy: 'Kandy'>, 'cases': 35}, {'district': <District.Matale: 'Matale'>, 'cases': 3}, {'district': <District.Nuwara_Eliya: 'Nuwara Eliya'>, 'cases': 1}, {'district': <District.Galle: 'Galle'>, 'cases': 35}, {'district': <District.Hambantota: 'Hambantota'>, 'cases': 20}, {'district': <District.Matara: 'Matara'>, 'cases': 24}, {'district': <District.Jaffna: 'Jaffna'>, 'cases': 54}, {'district': <District.Kilinochchi: 'Kilinochchi'>, 'cases': 3}, {'district': <District.Mannar: 'Mannar'>, 'cases': 1}, {'district': <District.Vavuniya: 'Vavuniya'>, 'cases': 1}, {'district': <District.Mullaitivu: 'Mullaitivu'>, 'cases': 1}, {'district': <District.Batticaloa: 'Batticaloa'>, 'cases': 43}, {'district': <District.Ampara: 'Ampara'>, 'cases': 3}, {'district': <District.Trincomalee: 'Trincomalee'>, 'cases': 35}, {'district': <District.Kurunegala: 'Kurunegala'>, 'cases': 28}, {'district': <District.Puttalam: 'Puttalam'>, 'cases': 9}, {'district': <District.Anuradhapura: 'Anuradhapura'>, 'cases': 9}, {'district': <District.Polonnaruwa: 'Polonnaruwa'>, 'cases': 2}, {'district': <District.Badulla: 'Badulla'>, 'cases': 9}, {'district': <District.Moneragala: 'Moneragala'>, 'cases': 8}, {'district': <District.Ratnapura: 'Ratnapura'>, 'cases': 30}, {'district': <District.Kegalle: 'Kegalle'>, 'cases': 16}, {'district': <District.Kalmunai: 'Kalmunai'>, 'cases': 22}]"
2018-01-06,2018-01-12,1843,"[{'district': <District.Colombo: 'Colombo'>, 'cases': 330}, {'district': <District.Gampaha: 'Gampaha'>, 'cases': 194}, {'district': <District.Kalutara: 'Kalutara'>, 'cases': 120}, {'district': <District.Kandy: 'Kandy'>, 'cases': 114}, {'district': <District.Matale: 'Matale'>, 'cases': 50}, {'district': <District.Nuwara_Eliya: 'Nuwara Eliya'>, 'cases': 2}, {'district': <District.Galle: 'Galle'>, 'cases': 21}, {'district': <District.Hambantota: 'Hambantota'>, 'cases': 33}, {'district': <District.Matara: 'Matara'>, 'cases': 44}, {'district': <District.Jaffna: 'Jaffna'>, 'cases': 156}, {'district': <District.Kilinochchi: 'Kilinochchi'>, 'cases': 8}, {'district': <District.Mannar: 'Mannar'>, 'cases': 4}, {'district': <District.Vavuniya: 'Vavuniya'>, 'cases': 20}, {'district': <District.Mullaitivu: 'Mullaitivu'>, 'cases': 2}, {'district': <District.Batticaloa: 'Batticaloa'>, 'cases': 143}, {'district': <District.Ampara: 'Ampara'>, 'cases': 6}, {'district': <District.Trincomalee: 'Trincomalee'>, 'cases': 26}, {'district': <District.Kurunegala: 'Kurunegala'>, 'cases': 133}, {'district': <District.Puttalam: 'Puttalam'>, 'cases': 126}, {'district': <District.Anuradhapura: 'Anuradhapura'>, 'cases': 25}, {'district': <District.Polonnaruwa: 'Polonnaruwa'>, 'cases': 9}, {'district': <District.Badulla: 'Badulla'>, 'cases': 22}, {'district': <District.Moneragala: 'Moneragala'>, 'cases': 45}, {'district': <District.Ratnapura: 'Ratnapura'>, 'cases': 46}, {'district': <District.Kegalle: 'Kegalle'>, 'cases': 28}, {'district': <District.Kalmunai: 'Kalmunai'>, 'cases': 136}]"
2010-01-30,2010-02-05,1094,"[{'district': <District.Colombo: 'Colombo'>, 'cases': 81}, {'district': <District.Gampaha: 'Gampaha'>, 'cases': 89}, {'district': <District.Kalutara: 'Kalutara'>, 'cases': 31}, {'district': <District.Kandy: 'Kandy'>, 'cases': 31}, {'district': <District.Matale: 'Matale'>, 'cases': 44}, {'district': <District.Nuwara_Eliya: 'Nuwara Eliya'>, 'cases': 2}, {'district': <District.Galle: 'Galle'>, 'cases': 15}, {'district': <District.Hambantota: 'Hambantota'>, 'cases': 22}, {'district': <District.Matara: 'Matara'>, 'cases': 9}, {'district': <District.Jaffna: 'Jaffna'>, 'cases': 329}, {'district': <District.Kilinochchi: 'Kilinochchi'>, 'cases': 0}, {'district': <District.Mannar: 'Mannar'>, 'cases': 5}, {'district': <District.Vavuniya: 'Vavuniya'>, 'cases': 30}, {'district': <District.Mullaitivu: 'Mullaitivu'>, 'cases': 0}, {'district': <District.Batticaloa: 'Batticaloa'>, 'cases': 77}, {'district': <District.Ampara: 'Ampara'>, 'cases': 3}, {'district': <District.Trincomalee: 'Trincomalee'>, 'cases': 4}, {'district': <District.Kurunegala: 'Kurunegala'>, 'cases': 44}, {'district': <District.Puttalam: 'Puttalam'>, 'cases': 84}, {'district': <District.Anuradhapura: 'Anuradhapura'>, 'cases': 66}, {'district': <District.Polonnaruwa: 'Polonnaruwa'>, 'cases': 2}, {'district': <District.Badulla: 'Badulla'>, 'cases': 14}, {'district': <District.Moneragala: 'Moneragala'>, 'cases': 11}, {'district': <District.Ratnapura: 'Ratnapura'>, 'cases': 20}, {'district': <District.Kegalle: 'Kegalle'>, 'cases': 23}, {'district': <District.Kalmunai: 'Kalmunai'>, 'cases': 58}]"
2024-04-20,2024-04-26,576,"[{'district': <District.Colombo: 'Colombo'>, 'cases': 111}, {'district': <District.Gampaha: 'Gampaha'>, 'cases': 68}, {'district': <District.Kalutara: 'Kalutara'>, 'cases': 37}, {'district': <District.Kandy: 'Kandy'>, 'cases': 73}, {'district': <District.Matale: 'Matale'>, 'cases': 16}, {'district': <District.Nuwara_Eliya: 'Nuwara Eliya'>, 'cases': 7}, {'district': <District.Galle: 'Galle'>, 'cases': 19}, {'district': <District.Hambantota: 'Hambantota'>, 'cases': 32}, {'district': <District.Matara: 'Matara'>, 'cases': 3}, {'district': <District.Jaffna: 'Jaffna'>, 'cases': 34}, {'district': <District.Kilinochchi: 'Kilinochchi'>, 'cases': 4}, {'district': <District.Mannar: 'Mannar'>, 'cases': 1}, {'district': <District.Vavuniya: 'Vavuniya'>, 'cases': 0}, {'district': <District.Mullaitivu: 'Mullaitivu'>, 'cases': 2}, {'district': <District.Batticaloa: 'Batticaloa'>, 'cases': 11}, {'district': <District.Ampara: 'Ampara'>, 'cases': 4}, {'district': <District.Trincomalee: 'Trincomalee'>, 'cases': 17}, {'district': <District.Kurunegala: 'Kurunegala'>, 'cases': 21}, {'district': <District.Puttalam: 'Puttalam'>, 'cases': 19}, {'district': <District.Anuradhapura: 'Anuradhapura'>, 'cases': 4}, {'district': <District.Polonnaruwa: 'Polonnaruwa'>, 'cases': 3}, {'district': <District.Badulla: 'Badulla'>, 'cases': 9}, {'district': <District.Moneragala: 'Moneragala'>, 'cases': 10}, {'district': <District.Ratnapura: 'Ratnapura'>, 'cases': 44}, {'district': <District.Kegalle: 'Kegalle'>, 'cases': 23}, {'district': <District.Kalmunai: 'Kalmunai'>, 'cases': 4}]"
2024-08-17,2024-08-23,911,"[{'district': <District.Colombo: 'Colombo'>, 'cases': 266}, {'district': <District.Gampaha: 'Gampaha'>, 'cases': 123}, {'district': <District.Kalutara: 'Kalutara'>, 'cases': 48}, {'district': <District.Kandy: 'Kandy'>, 'cases': 114}, {'district': <District.Matale: 'Matale'>, 'cases': 18}, {'district': <District.Nuwara_Eliya: 'Nuwara Eliya'>, 'cases': 10}, {'district': <District.Galle: 'Galle'>, 'cases': 40}, {'district': <District.Hambantota: 'Hambantota'>, 'cases': 8}, {'district': <District.Matara: 'Matara'>, 'cases': 38}, {'district': <District.Jaffna: 'Jaffna'>, 'cases': 11}, {'district': <District.Kilinochchi: 'Kilinochchi'>, 'cases': 3}, {'district': <District.Mannar: 'Mannar'>, 'cases': 10}, {'district': <District.Vavuniya: 'Vavuniya'>, 'cases': 5}, {'district': <District.Mullaitivu: 'Mullaitivu'>, 'cases': 1}, {'district': <District.Batticaloa: 'Batticaloa'>, 'cases': 22}, {'district': <District.Ampara: 'Ampara'>, 'cases': 9}, {'district': <District.Trincomalee: 'Trincomalee'>, 'cases': 10}, {'district': <District.Kurunegala: 'Kurunegala'>, 'cases': 31}, {'district': <District.Puttalam: 'Puttalam'>, 'cases': 16}, {'district': <District.Anuradhapura: 'Anuradhapura'>, 'cases': 16}, {'district': <District.Polonnaruwa: 'Polonnaruwa'>, 'cases': 8}, {'district': <District.Badulla: 'Badulla'>, 'cases': 9}, {'district': <District.Moneragala: 'Moneragala'>, 'cases': 13}, {'district': <District.Ratnapura: 'Ratnapura'>, 'cases': 38}, {'district': <District.Kegalle: 'Kegalle'>, 'cases': 37}, {'district': <District.Kalmunai: 'Kalmunai'>, 'cases': 7}]"
2019-12-21,2019-12-27,3790,"[{'district': <District.Colombo: 'Colombo'>, 'cases': 661}, {'district': <District.Gampaha: 'Gampaha'>, 'cases': 371}, {'district': <District.Kalutara: 'Kalutara'>, 'cases': 166}, {'district': <District.Kandy: 'Kandy'>, 'cases': 288}, {'district': <District.Matale: 'Matale'>, 'cases': 159}, {'district': <District.Nuwara_Eliya: 'Nuwara Eliya'>, 'cases': 13}, {'district': <District.Galle: 'Galle'>, 'cases': 160}, {'district': <District.Hambantota: 'Hambantota'>, 'cases': 29}, {'district': <District.Matara: 'Matara'>, 'cases': 88}, {'district': <District.Jaffna: 'Jaffna'>, 'cases': 543}, {'district': <District.Kilinochchi: 'Kilinochchi'>, 'cases': 27}, {'district': <District.Mannar: 'Mannar'>, 'cases': 28}, {'district': <District.Vavuniya: 'Vavuniya'>, 'cases': 57}, {'district': <District.Mullaitivu: 'Mullaitivu'>, 'cases': 11}, {'district': <District.Batticaloa: 'Batticaloa'>, 'cases': 196}, {'district': <District.Ampara: 'Ampara'>, 'cases': 18}, {'district': <District.Trincomalee: 'Trincomalee'>, 'cases': 286}, {'district': <District.Kurunegala: 'Kurunegala'>, 'cases': 118}, {'district': <District.Puttalam: 'Puttalam'>, 'cases': 98}, {'district': <District.Anuradhapura: 'Anuradhapura'>, 'cases': 39}, {'district': <District.Polonnaruwa: 'Polonnaruwa'>, 'cases': 19}, {'district': <District.Badulla: 'Badulla'>, 'cases': 107}, {'district': <District.Moneragala: 'Moneragala'>, 'cases': 0}, {'district': <District.Ratnapura: 'Ratnapura'>, 'cases': 111}, {'district': <District.Kegalle: 'Kegalle'>, 'cases': 65}, {'district': <District.Kalmunai: 'Kalmunai'>, 'cases': 132}]"
2018-10-20,2018-10-26,552,"[{'district': <District.Colombo: 'Colombo'>, 'cases': 127}, {'district': <District.Gampaha: 'Gampaha'>, 'cases': 68}, {'district': <District.Kalutara: 'Kalutara'>, 'cases': 17}, {'district': <District.Kandy: 'Kandy'>, 'cases': 52}, {'district': <District.Matale: 'Matale'>, 'cases': 7}, {'district': <District.Nuwara_Eliya: 'Nuwara Eliya'>, 'cases': 1}, {'district': <District.Galle: 'Galle'>, 'cases': 10}, {'district': <District.Hambantota: 'Hambantota'>, 'cases': 13}, {'district': <District.Matara: 'Matara'>, 'cases': 6}, {'district': <District.Jaffna: 'Jaffna'>, 'cases': 54}, {'district': <District.Kilinochchi: 'Kilinochchi'>, 'cases': 5}, {'district': <District.Mannar: 'Mannar'>, 'cases': 0}, {'district': <District.Vavuniya: 'Vavuniya'>, 'cases': 6}, {'district': <District.Mullaitivu: 'Mullaitivu'>, 'cases': 1}, {'district': <District.Batticaloa: 'Batticaloa'>, 'cases': 34}, {'district': <District.Ampara: 'Ampara'>, 'cases': 1}, {'district': <District.Trincomalee: 'Trincomalee'>, 'cases': 2}, {'district': <District.Kurunegala: 'Kurunegala'>, 'cases': 20}, {'district': <District.Puttalam: 'Puttalam'>, 'cases': 46}, {'district': <District.Anuradhapura: 'Anuradhapura'>, 'cases': 10}, {'district': <District.Polonnaruwa: 'Polonnaruwa'>, 'cases': 4}, {'district': <District.Badulla: 'Badulla'>, 'cases': 14}, {'district': <District.Moneragala: 'Moneragala'>, 'cases': 7}, {'district': <District.Ratnapura: 'Ratnapura'>, 'cases': 21}, {'district': <District.Kegalle: 'Kegalle'>, 'cases': 20}, {'district': <District.Kalmunai: 'Kalmunai'>, 'cases': 6}]"
2020-05-23,2020-05-29,348,"[{'district': <District.Colombo: 'Colombo'>, 'cases': 67}, {'district': <District.Gampaha: 'Gampaha'>, 'cases': 21}, {'district': <District.Kalutara: 'Kalutara'>, 'cases': 36}, {'district': <District.Kandy: 'Kandy'>, 'cases': 51}, {'district': <District.Matale: 'Matale'>, 'cases': 1}, {'district': <District.Nuwara_Eliya: 'Nuwara Eliya'>, 'cases': 1}, {'district': <District.Galle: 'Galle'>, 'cases': 24}, {'district': <District.Hambantota: 'Hambantota'>, 'cases': 5}, {'district': <District.Matara: 'Matara'>, 'cases': 1}, {'district': <District.Jaffna: 'Jaffna'>, 'cases': 39}, {'district': <District.Kilinochchi: 'Kilinochchi'>, 'cases': 0}, {'district': <District.Mannar: 'Mannar'>, 'cases': 0}, {'district': <District.Vavuniya: 'Vavuniya'>, 'cases': 0}, {'district': <District.Mullaitivu: 'Mullaitivu'>, 'cases': 1}, {'district': <District.Batticaloa: 'Batticaloa'>, 'cases': 17}, {'district': <District.Ampara: 'Ampara'>, 'cases': 1}, {'district': <District.Trincomalee: 'Trincomalee'>, 'cases': 2}, {'district': <District.Kurunegala: 'Kurunegala'>, 'cases': 6}, {'district': <District.Puttalam: 'Puttalam'>, 'cases': 4}, {'district': <District.Anuradhapura: 'Anuradhapura'>, 'cases': 2}, {'district': <District.Polonnaruwa: 'Polonnaruwa'>, 'cases': 3}, {'district': <District.Badulla: 'Badulla'>, 'cases': 2}, {'district': <District.Moneragala: 'Moneragala'>, 'cases': 0}, {'district': <District.Ratnapura: 'Ratnapura'>, 'cases': 42}, {'district': <District.Kegalle: 'Kegalle'>, 'cases': 21}, {'district': <District.Kalmunai: 'Kalmunai'>, 'cases': 1}]"
2010-10-09,2010-10-15,219,"[{'district': <District.Colombo: 'Colombo'>, 'cases': 51}, {'district': <District.Gampaha: 'Gampaha'>, 'cases': 18}, {'district': <District.Kalutara: 'Kalutara'>, 'cases': 12}, {'district': <District.Kandy: 'Kandy'>, 'cases': 19}, {'district': <District.Matale: 'Matale'>, 'cases': 2}, {'district': <District.Nuwara_Eliya: 'Nuwara Eliya'>, 'cases': 8}, {'district': <District.Galle: 'Galle'>, 'cases': 11}, {'district': <District.Hambantota: 'Hambantota'>, 'cases': 6}, {'district': <District.Matara: 'Matara'>, 'cases': 1}, {'district': <District.Jaffna: 'Jaffna'>, 'cases': 2}, {'district': <District.Kilinochchi: 'Kilinochchi'>, 'cases': 1}, {'district': <District.Mannar: 'Mannar'>, 'cases': 5}, {'district': <District.Vavuniya: 'Vavuniya'>, 'cases': 1}, {'district': <District.Mullaitivu: 'Mullaitivu'>, 'cases': 0}, {'district': <District.Batticaloa: 'Batticaloa'>, 'cases': 2}, {'district': <District.Ampara: 'Ampara'>, 'cases': 0}, {'district': <District.Trincomalee: 'Trincomalee'>, 'cases': 2}, {'district': <District.Kurunegala: 'Kurunegala'>, 'cases': 15}, {'district': <District.Puttalam: 'Puttalam'>, 'cases': 3}, {'district': <District.Anuradhapura: 'Anuradhapura'>, 'cases': 8}, {'district': <District.Polonnaruwa: 'Polonnaruwa'>, 'cases': 3}, {'district': <District.Badulla: 'Badulla'>, 'cases': 9}, {'district': <District.Moneragala: 'Moneragala'>, 'cases': 12}, {'district': <District.Ratnapura: 'Ratnapura'>, 'cases': 21}, {'district': <District.Kegalle: 'Kegalle'>, 'cases': 9}, {'district': <District.Kalmunai: 'Kalmunai'>, 'cases': 3}]"
2024-09-21,2024-09-27,671,"[{'district': <District.Colombo: 'Colombo'>, 'cases': 202}, {'district': <District.Gampaha: 'Gampaha'>, 'cases': 96}, {'district': <District.Kalutara: 'Kalutara'>, 'cases': 34}, {'district': <District.Kandy: 'Kandy'>, 'cases': 64}, {'district': <District.Matale: 'Matale'>, 'cases': 16}, {'district': <District.Nuwara_Eliya: 'Nuwara Eliya'>, 'cases': 6}, {'district': <District.Galle: 'Galle'>, 'cases': 32}, {'district': <District.Hambantota: 'Hambantota'>, 'cases': 10}, {'district': <District.Matara: 'Matara'>, 'cases': 28}, {'district': <District.Jaffna: 'Jaffna'>, 'cases': 8}, {'district': <District.Kilinochchi: 'Kilinochchi'>, 'cases': 0}, {'district': <District.Mannar: 'Mannar'>, 'cases': 14}, {'district': <District.Vavuniya: 'Vavuniya'>, 'cases': 2}, {'district': <District.Mullaitivu: 'Mullaitivu'>, 'cases': 4}, {'district': <District.Batticaloa: 'Batticaloa'>, 'cases': 16}, {'district': <District.Ampara: 'Ampara'>, 'cases': 1}, {'district': <District.Trincomalee: 'Trincomalee'>, 'cases': 3}, {'district': <District.Kurunegala: 'Kurunegala'>, 'cases': 22}, {'district': <District.Puttalam: 'Puttalam'>, 'cases': 16}, {'district': <District.Anuradhapura: 'Anuradhapura'>, 'cases': 3}, {'district': <District.Polonnaruwa: 'Polonnaruwa'>, 'cases': 5}, {'district': <District.Badulla: 'Badulla'>, 'cases': 8}, {'district': <District.Moneragala: 'Moneragala'>, 'cases': 19}, {'district': <District.Ratnapura: 'Ratnapura'>, 'cases': 32}, {'district': <District.Kegalle: 'Kegalle'>, 'cases': 26}, {'district': <District.Kalmunai: 'Kalmunai'>, 'cases': 4}]"
2011-01-22,2011-01-28,167,"[{'district': <District.Colombo: 'Colombo'>, 'cases': 60}, {'district': <District.Gampaha: 'Gampaha'>, 'cases': 29}, {'district': <District.Kalutara: 'Kalutara'>, 'cases': 8}, {'district': <District.Kandy: 'Kandy'>, 'cases': 7}, {'district': <District.Matale: 'Matale'>, 'cases': 2}, {'district': <District.Nuwara_Eliya: 'Nuwara Eliya'>, 'cases': 1}, {'district': <District.Galle: 'Galle'>, 'cases': 0}, {'district': <District.Hambantota: 'Hambantota'>, 'cases': 3}, {'district': <District.Matara: 'Matara'>, 'cases': 4}, {'district': <District.Jaffna: 'Jaffna'>, 'cases': 9}, {'district': <District.Kilinochchi: 'Kilinochchi'>, 'cases': 0}, {'district': <District.Mannar: 'Mannar'>, 'cases': 1}, {'district': <District.Vavuniya: 'Vavuniya'>, 'cases': 5}, {'district': <District.Mullaitivu: 'Mullaitivu'>, 'cases': 0}, {'district': <District.Batticaloa: 'Batticaloa'>, 'cases': 2}, {'district': <District.Ampara: 'Ampara'>, 'cases': 1}, {'district': <District.Trincomalee: 'Trincomalee'>, 'cases': 0}, {'district': <District.Kurunegala: 'Kurunegala'>, 'cases': 7}, {'district': <District.Puttalam: 'Puttalam'>, 'cases': 10}, {'district': <District.Anuradhapura: 'Anuradhapura'>, 'cases': 4}, {'district': <District.Polonnaruwa: 'Polonnaruwa'>, 'cases': 1}, {'district': <District.Badulla: 'Badulla'>, 'cases': 5}, {'district': <District.Moneragala: 'Moneragala'>, 'cases': 2}, {'district': <District.Ratnapura: 'Ratnapura'>, 'cases': 4}, {'district': <District.Kegalle: 'Kegalle'>, 'cases': 2}, {'district': <District.Kalmunai: 'Kalmunai'>, 'cases': 0}]"
2021-11-06,2021-11-12,61,"[{'district': <District.Colombo: 'Colombo'>, 'cases': 24}, {'district': <District.Gampaha: 'Gampaha'>, 'cases': 15}, {'district': <District.Kalutara: 'Kalutara'>, 'cases': 29}, {'district': <District.Kandy: 'Kandy'>, 'cases': 27}, {'district': <District.Matale: 'Matale'>, 'cases': 16}, {'district': <District.Nuwara_Eliya: 'Nuwara Eliya'>, 'cases': 1}, {'district': <District.Galle: 'Galle'>, 'cases': 17}, {'district': <District.Hambantota: 'Hambantota'>, 'cases': 6}, {'district': <District.Matara: 'Matara'>, 'cases': 6}, {'district': <District.Jaffna: 'Jaffna'>, 'cases': 6}, {'district': <District.Kilinochchi: 'Kilinochchi'>, 'cases': 0}, {'district': <District.Mannar: 'Mannar'>, 'cases': 1}, {'district': <District.Vavuniya: 'Vavuniya'>, 'cases': 0}, {'district': <District.Mullaitivu: 'Mullaitivu'>, 'cases': 0}, {'district': <District.Batticaloa: 'Batticaloa'>, 'cases': 3}, {'district': <District.Ampara: 'Ampara'>, 'cases': 0}, {'district': <District.Trincomalee: 'Trincomalee'>, 'cases': 3}, {'district': <District.Kurunegala: 'Kurunegala'>, 'cases': 33}, {'district': <District.Puttalam: 'Puttalam'>, 'cases': 7}, {'district': <District.Anuradhapura: 'Anuradhapura'>, 'cases': 2}, {'district': <District.Polonnaruwa: 'Polonnaruwa'>, 'cases': 2}, {'district': <District.Badulla: 'Badulla'>, 'cases': 30}, {'district': <District.Moneragala: 'Moneragala'>, 'cases': 7}, {'district': <District.Ratnapura: 'Ratnapura'>, 'cases': 10}, {'district': <District.Kegalle: 'Kegalle'>, 'cases': 15}, {'district': <District.Kalmunai: 'Kalmunai'>, 'cases': 1}]"
2012-12-22,2012-12-28,439,"[{'district': <District.Colombo: 'Colombo'>, 'cases': 95}, {'district': <District.Gampaha: 'Gampaha'>, 'cases': 82}, {'district': <District.Kalutara: 'Kalutara'>, 'cases': 10}, {'district': <District.Kandy: 'Kandy'>, 'cases': 15}, {'district': <District.Matale: 'Matale'>, 'cases': 5}, {'district': <District.Nuwara_Eliya: 'Nuwara Eliya'>, 'cases': 4}, {'district': <District.Galle: 'Galle'>, 'cases': 6}, {'district': <District.Hambantota: 'Hambantota'>, 'cases': 7}, {'district': <District.Matara: 'Matara'>, 'cases': 14}, {'district': <District.Jaffna: 'Jaffna'>, 'cases': 33}, {'district': <District.Kilinochchi: 'Kilinochchi'>, 'cases': 0}, {'district': <District.Mannar: 'Mannar'>, 'cases': 7}, {'district': <District.Vavuniya: 'Vavuniya'>, 'cases': 4}, {'district': <District.Mullaitivu: 'Mullaitivu'>, 'cases': 0}, {'district': <District.Batticaloa: 'Batticaloa'>, 'cases': 4}, {'district': <District.Ampara: 'Ampara'>, 'cases': 1}, {'district': <District.Trincomalee: 'Trincomalee'>, 'cases': 2}, {'district': <District.Kurunegala: 'Kurunegala'>, 'cases': 52}, {'district': <District.Puttalam: 'Puttalam'>, 'cases': 15}, {'district': <District.Anuradhapura: 'Anuradhapura'>, 'cases': 22}, {'district': <District.Polonnaruwa: 'Polonnaruwa'>, 'cases': 1}, {'district': <District.Badulla: 'Badulla'>, 'cases': 12}, {'district': <District.Moneragala: 'Moneragala'>, 'cases': 6}, {'district': <District.Ratnapura: 'Ratnapura'>, 'cases': 8}, {'district': <District.Kegalle: 'Kegalle'>, 'cases': 28}, {'district': <District.Kalmunai: 'Kalmunai'>, 'cases': 6}]"
2022-04-02,2022-04-08,57,"[{'district': <District.Colombo: 'Colombo'>, 'cases': 10}, {'district': <District.Gampaha: 'Gampaha'>, 'cases': 45}, {'district': <District.Kalutara: 'Kalutara'>, 'cases': 38}, {'district': <District.Kandy: 'Kandy'>, 'cases': 15}, {'district': <District.Matale: 'Matale'>, 'cases': 3}, {'district': <District.Nuwara_Eliya: 'Nuwara Eliya'>, 'cases': 2}, {'district': <District.Galle: 'Galle'>, 'cases': 29}, {'district': <District.Hambantota: 'Hambantota'>, 'cases': 9}, {'district': <District.Matara: 'Matara'>, 'cases': 16}, {'district': <District.Jaffna: 'Jaffna'>, 'cases': 80}, {'district': <District.Kilinochchi: 'Kilinochchi'>, 'cases': 4}, {'district': <District.Mannar: 'Mannar'>, 'cases': 1}, {'district': <District.Vavuniya: 'Vavuniya'>, 'cases': 2}, {'district': <District.Mullaitivu: 'Mullaitivu'>, 'cases': 0}, {'district': <District.Batticaloa: 'Batticaloa'>, 'cases': 35}, {'district': <District.Ampara: 'Ampara'>, 'cases': 2}, {'district': <District.Trincomalee: 'Trincomalee'>, 'cases': 36}, {'district': <District.Kurunegala: 'Kurunegala'>, 'cases': 22}, {'district': <District.Puttalam: 'Puttalam'>, 'cases': 26}, {'district': <District.Anuradhapura: 'Anuradhapura'>, 'cases': 5}, {'district': <District.Polonnaruwa: 'Polonnaruwa'>, 'cases': 1}, {'district': <District.Badulla: 'Badulla'>, 'cases': 13}, {'district': <District.Moneragala: 'Moneragala'>, 'cases': 2}, {'district': <District.Ratnapura: 'Ratnapura'>, 'cases': 44}, {'district': <District.Kegalle: 'Kegalle'>, 'cases': 18}, {'district': <District.Kalmunai: 'Kalmunai'>, 'cases': 23}]"
2007-06-30,2007-07-06,81,"[{'district': <District.Colombo: 'Colombo'>, 'cases': 26}, {'district': <District.Gampaha: 'Gampaha'>, 'cases': 3}, {'district': <District.Kalutara: 'Kalutara'>, 'cases': 4}, {'district': <District.Kandy: 'Kandy'>, 'cases': 3}, {'district': <District.Matale: 'Matale'>, 'cases': 1}, {'district': <District.Nuwara_Eliya: 'Nuwara Eliya'>, 'cases': 0}, {'district': <District.Galle: 'Galle'>, 'cases': 2}, {'district': <District.Hambantota: 'Hambantota'>, 'cases': 0}, {'district': <District.Matara: 'Matara'>, 'cases': 4}, {'district': <District.Jaffna: 'Jaffna'>, 'cases': 0}, {'district': <District.Kilinochchi: 'Kilinochchi'>, 'cases': 0}, {'district': <District.Mannar: 'Mannar'>, 'cases': 0}, {'district': <District.Vavuniya: 'Vavuniya'>, 'cases': 1}, {'district': <District.Mullaitivu: 'Mullaitivu'>, 'cases': 0}, {'district': <District.Batticaloa: 'Batticaloa'>, 'cases': 0}, {'district': <District.Ampara: 'Ampara'>, 'cases': 0}, {'district': <District.Trincomalee: 'Trincomalee'>, 'cases': 1}, {'district': <District.Kurunegala: 'Kurunegala'>, 'cases': 18}, {'district': <District.Puttalam: 'Puttalam'>, 'cases': 0}, {'district': <District.Anuradhapura: 'Anuradhapura'>, 'cases': 7}, {'district': <District.Polonnaruwa: 'Polonnaruwa'>, 'cases': 0}, {'district': <District.Badulla: 'Badulla'>, 'cases': 0}, {'district': <District.Moneragala: 'Moneragala'>, 'cases': 1}, {'district': <District.Ratnapura: 'Ratnapura'>, 'cases': 5}, {'district': <District.Kegalle: 'Kegalle'>, 'cases': 5}, {'district': <District.Kalmunai: 'Kalmunai'>, 'cases': 0}]"
2019-05-25,2019-05-31,692,"[{'district': <District.Colombo: 'Colombo'>, 'cases': 152}, {'district': <District.Gampaha: 'Gampaha'>, 'cases': 32}, {'district': <District.Kalutara: 'Kalutara'>, 'cases': 63}, {'district': <District.Kandy: 'Kandy'>, 'cases': 60}, {'district': <District.Matale: 'Matale'>, 'cases': 7}, {'district': <District.Nuwara_Eliya: 'Nuwara Eliya'>, 'cases': 6}, {'district': <District.Galle: 'Galle'>, 'cases': 139}, {'district': <District.Hambantota: 'Hambantota'>, 'cases': 21}, {'district': <District.Matara: 'Matara'>, 'cases': 25}, {'district': <District.Jaffna: 'Jaffna'>, 'cases': 32}, {'district': <District.Kilinochchi: 'Kilinochchi'>, 'cases': 0}, {'district': <District.Mannar: 'Mannar'>, 'cases': 0}, {'district': <District.Vavuniya: 'Vavuniya'>, 'cases': 3}, {'district': <District.Mullaitivu: 'Mullaitivu'>, 'cases': 1}, {'district': <District.Batticaloa: 'Batticaloa'>, 'cases': 13}, {'district': <District.Ampara: 'Ampara'>, 'cases': 3}, {'district': <District.Trincomalee: 'Trincomalee'>, 'cases': 10}, {'district': <District.Kurunegala: 'Kurunegala'>, 'cases': 28}, {'district': <District.Puttalam: 'Puttalam'>, 'cases': 5}, {'district': <District.Anuradhapura: 'Anuradhapura'>, 'cases': 7}, {'district': <District.Polonnaruwa: 'Polonnaruwa'>, 'cases': 0}, {'district': <District.Badulla: 'Badulla'>, 'cases': 4}, {'district': <District.Moneragala: 'Moneragala'>, 'cases': 4}, {'district': <District.Ratnapura: 'Ratnapura'>, 'cases': 47}, {'district': <District.Kegalle: 'Kegalle'>, 'cases': 14}, {'district': <District.Kalmunai: 'Kalmunai'>, 'cases': 16}]"
2018-08-18,2018-08-24,804,"[{'district': <District.Colombo: 'Colombo'>, 'cases': 201}, {'district': <District.Gampaha: 'Gampaha'>, 'cases': 135}, {'district': <District.Kalutara: 'Kalutara'>, 'cases': 50}, {'district': <District.Kandy: 'Kandy'>, 'cases': 76}, {'district': <District.Matale: 'Matale'>, 'cases': 18}, {'district': <District.Nuwara_Eliya: 'Nuwara Eliya'>, 'cases': 2}, {'district': <District.Galle: 'Galle'>, 'cases': 10}, {'district': <District.Hambantota: 'Hambantota'>, 'cases': 15}, {'district': <District.Matara: 'Matara'>, 'cases': 24}, {'district': <District.Jaffna: 'Jaffna'>, 'cases': 38}, {'district': <District.Kilinochchi: 'Kilinochchi'>, 'cases': 6}, {'district': <District.Mannar: 'Mannar'>, 'cases': 3}, {'district': <District.Vavuniya: 'Vavuniya'>, 'cases': 14}, {'district': <District.Mullaitivu: 'Mullaitivu'>, 'cases': 2}, {'district': <District.Batticaloa: 'Batticaloa'>, 'cases': 40}, {'district': <District.Ampara: 'Ampara'>, 'cases': 1}, {'district': <District.Trincomalee: 'Trincomalee'>, 'cases': 16}, {'district': <District.Kurunegala: 'Kurunegala'>, 'cases': 28}, {'district': <District.Puttalam: 'Puttalam'>, 'cases': 4}, {'district': <District.Anuradhapura: 'Anuradhapura'>, 'cases': 12}, {'district': <District.Polonnaruwa: 'Polonnaruwa'>, 'cases': 4}, {'district': <District.Badulla: 'Badulla'>, 'cases': 11}, {'district': <District.Moneragala: 'Moneragala'>, 'cases': 11}, {'district': <District.Ratnapura: 'Ratnapura'>, 'cases': 45}, {'district': <District.Kegalle: 'Kegalle'>, 'cases': 31}, {'district': <District.Kalmunai: 'Kalmunai'>, 'cases': 7}]"
2010-07-31,2010-08-06,934,"[{'district': <District.Colombo: 'Colombo'>, 'cases': 223}, {'district': <District.Gampaha: 'Gampaha'>, 'cases': 63}, {'district': <District.Kalutara: 'Kalutara'>, 'cases': 66}, {'district': <District.Kandy: 'Kandy'>, 'cases': 65}, {'district': <District.Matale: 'Matale'>, 'cases': 18}, {'district': <District.Nuwara_Eliya: 'Nuwara Eliya'>, 'cases': 6}, {'district': <District.Galle: 'Galle'>, 'cases': 36}, {'district': <District.Hambantota: 'Hambantota'>, 'cases': 35}, {'district': <District.Matara: 'Matara'>, 'cases': 33}, {'district': <District.Jaffna: 'Jaffna'>, 'cases': 29}, {'district': <District.Kilinochchi: 'Kilinochchi'>, 'cases': 2}, {'district': <District.Mannar: 'Mannar'>, 'cases': 22}, {'district': <District.Vavuniya: 'Vavuniya'>, 'cases': 5}, {'district': <District.Mullaitivu: 'Mullaitivu'>, 'cases': 0}, {'district': <District.Batticaloa: 'Batticaloa'>, 'cases': 11}, {'district': <District.Ampara: 'Ampara'>, 'cases': 10}, {'district': <District.Trincomalee: 'Trincomalee'>, 'cases': 8}, {'district': <District.Kurunegala: 'Kurunegala'>, 'cases': 46}, {'district': <District.Puttalam: 'Puttalam'>, 'cases': 26}, {'district': <District.Anuradhapura: 'Anuradhapura'>, 'cases': 21}, {'district': <District.Polonnaruwa: 'Polonnaruwa'>, 'cases': 5}, {'district': <District.Badulla: 'Badulla'>, 'cases': 63}, {'district': <District.Moneragala: 'Moneragala'>, 'cases': 50}, {'district': <District.Ratnapura: 'Ratnapura'>, 'cases': 56}, {'district': <District.Kegalle: 'Kegalle'>, 'cases': 32}, {'district': <District.Kalmunai: 'Kalmunai'>, 'cases': 3}]"
2015-02-21,2015-02-27,615,"[{'district': <District.Colombo: 'Colombo'>, 'cases': 142}, {'district': <District.Gampaha: 'Gampaha'>, 'cases': 61}, {'district': <District.Kalutara: 'Kalutara'>, 'cases': 37}, {'district': <District.Kandy: 'Kandy'>, 'cases': 21}, {'district': <District.Matale: 'Matale'>, 'cases': 16}, {'district': <District.Nuwara_Eliya: 'Nuwara Eliya'>, 'cases': 1}, {'district': <District.Galle: 'Galle'>, 'cases': 24}, {'district': <District.Hambantota: 'Hambantota'>, 'cases': 11}, {'district': <District.Matara: 'Matara'>, 'cases': 7}, {'district': <District.Jaffna: 'Jaffna'>, 'cases': 53}, {'district': <District.Kilinochchi: 'Kilinochchi'>, 'cases': 1}, {'district': <District.Mannar: 'Mannar'>, 'cases': 1}, {'district': <District.Vavuniya: 'Vavuniya'>, 'cases': 3}, {'district': <District.Mullaitivu: 'Mullaitivu'>, 'cases': 1}, {'district': <District.Batticaloa: 'Batticaloa'>, 'cases': 69}, {'district': <District.Ampara: 'Ampara'>, 'cases': 3}, {'district': <District.Trincomalee: 'Trincomalee'>, 'cases': 18}, {'district': <District.Kurunegala: 'Kurunegala'>, 'cases': 20}, {'district': <District.Puttalam: 'Puttalam'>, 'cases': 29}, {'district': <District.Anuradhapura: 'Anuradhapura'>, 'cases': 5}, {'district': <District.Polonnaruwa: 'Polonnaruwa'>, 'cases': 14}, {'district': <District.Badulla: 'Badulla'>, 'cases': 9}, {'district': <District.Moneragala: 'Moneragala'>, 'cases': 8}, {'district': <District.Ratnapura: 'Ratnapura'>, 'cases': 33}, {'district': <District.Kegalle: 'Kegalle'>, 'cases': 14}, {'district': <District.Kalmunai: 'Kalmunai'>, 'cases': 14}]"
2024-10-26,2024-11-01,672,"[{'district': <District.Colombo: 'Colombo'>, 'cases': 161}, {'district': <District.Gampaha: 'Gampaha'>, 'cases': 98}, {'district': <District.Kalutara: 'Kalutara'>, 'cases': 31}, {'district': <District.Kandy: 'Kandy'>, 'cases': 74}, {'district': <District.Matale: 'Matale'>, 'cases': 43}, {'district': <District.Nuwara_Eliya: 'Nuwara Eliya'>, 'cases': 4}, {'district': <District.Galle: 'Galle'>, 'cases': 21}, {'district': <District.Hambantota: 'Hambantota'>, 'cases': 9}, {'district': <District.Matara: 'Matara'>, 'cases': 29}, {'district': <District.Jaffna: 'Jaffna'>, 'cases': 7}, {'district': <District.Kilinochchi: 'Kilinochchi'>, 'cases': 1}, {'district': <District.Mannar: 'Mannar'>, 'cases': 7}, {'district': <District.Vavuniya: 'Vavuniya'>, 'cases': 1}, {'district': <District.Mullaitivu: 'Mullaitivu'>, 'cases': 1}, {'district': <District.Batticaloa: 'Batticaloa'>, 'cases': 7}, {'district': <District.Ampara: 'Ampara'>, 'cases': 3}, {'district': <District.Trincomalee: 'Trincomalee'>, 'cases': 4}, {'district': <District.Kurunegala: 'Kurunegala'>, 'cases': 21}, {'district': <District.Puttalam: 'Puttalam'>, 'cases': 15}, {'district': <District.Anuradhapura: 'Anuradhapura'>, 'cases': 6}, {'district': <District.Polonnaruwa: 'Polonnaruwa'>, 'cases': 6}, {'district': <District.Badulla: 'Badulla'>, 'cases': 14}, {'district': <District.Moneragala: 'Moneragala'>, 'cases': 28}, {'district': <District.Ratnapura: 'Ratnapura'>, 'cases': 54}, {'district': <District.Kegalle: 'Kegalle'>, 'cases': 24}, {'district': <District.Kalmunai: 'Kalmunai'>, 'cases': 3}]"
2017-04-15,2017-04-21,2007,"[{'district': <District.Colombo: 'Colombo'>, 'cases': 332}, {'district': <District.Gampaha: 'Gampaha'>, 'cases': 389}, {'district': <District.Kalutara: 'Kalutara'>, 'cases': 152}, {'district': <District.Kandy: 'Kandy'>, 'cases': 41}, {'district': <District.Matale: 'Matale'>, 'cases': 13}, {'district': <District.Nuwara_Eliya: 'Nuwara Eliya'>, 'cases': 10}, {'district': <District.Galle: 'Galle'>, 'cases': 16}, {'district': <District.Hambantota: 'Hambantota'>, 'cases': 32}, {'district': <District.Matara: 'Matara'>, 'cases': 50}, {'district': <District.Jaffna: 'Jaffna'>, 'cases': 96}, {'district': <District.Kilinochchi: 'Kilinochchi'>, 'cases': 11}, {'district': <District.Mannar: 'Mannar'>, 'cases': 8}, {'district': <District.Vavuniya: 'Vavuniya'>, 'cases': 24}, {'district': <District.Mullaitivu: 'Mullaitivu'>, 'cases': 3}, {'district': <District.Batticaloa: 'Batticaloa'>, 'cases': 269}, {'district': <District.Ampara: 'Ampara'>, 'cases': 10}, {'district': <District.Trincomalee: 'Trincomalee'>, 'cases': 190}, {'district': <District.Kurunegala: 'Kurunegala'>, 'cases': 103}, {'district': <District.Puttalam: 'Puttalam'>, 'cases': 36}, {'district': <District.Anuradhapura: 'Anuradhapura'>, 'cases': 24}, {'district': <District.Polonnaruwa: 'Polonnaruwa'>, 'cases': 23}, {'district': <District.Badulla: 'Badulla'>, 'cases': 14}, {'district': <District.Moneragala: 'Moneragala'>, 'cases': 28}, {'district': <District.Ratnapura: 'Ratnapura'>, 'cases': 20}, {'district': <District.Kegalle: 'Kegalle'>, 'cases': 56}, {'district': <District.Kalmunai: 'Kalmunai'>, 'cases': 42}]"
2012-06-16,2012-06-22,116,"[{'district': <District.Colombo: 'Colombo'>, 'cases': 0}, {'district': <District.Gampaha: 'Gampaha'>, 'cases': 0}, {'district': <District.Kalutara: 'Kalutara'>, 'cases': 0}, {'district': <District.Kandy: 'Kandy'>, 'cases': 0}, {'district': <District.Matale: 'Matale'>, 'cases': 0}, {'district': <District.Nuwara_Eliya: 'Nuwara Eliya'>, 'cases': 0}, {'district': <District.Galle: 'Galle'>, 'cases': 2}, {'district': <District.Hambantota: 'Hambantota'>, 'cases': 0}, {'district': <District.Matara: 'Matara'>, 'cases': 0}, {'district': <District.Jaffna: 'Jaffna'>, 'cases': 1}, {'district': <District.Kilinochchi: 'Kilinochchi'>, 'cases': 0}, {'district': <District.Mannar: 'Mannar'>, 'cases': 0}, {'district': <District.Vavuniya: 'Vavuniya'>, 'cases': 0}, {'district': <District.Mullaitivu: 'Mullaitivu'>, 'cases': 0}, {'district': <District.Batticaloa: 'Batticaloa'>, 'cases': 6}, {'district': <District.Ampara: 'Ampara'>, 'cases': 0}, {'district': <District.Trincomalee: 'Trincomalee'>, 'cases': 1}, {'district': <District.Kurunegala: 'Kurunegala'>, 'cases': 10}, {'district': <District.Puttalam: 'Puttalam'>, 'cases': 0}, {'district': <District.Anuradhapura: 'Anuradhapura'>, 'cases': 8}, {'district': <District.Polonnaruwa: 'Polonnaruwa'>, 'cases': 0}, {'district': <District.Badulla: 'Badulla'>, 'cases': 0}, {'district': <District.Moneragala: 'Moneragala'>, 'cases': 0}, {'district': <District.Ratnapura: 'Ratnapura'>, 'cases': 87}, {'district': <District.Kegalle: 'Kegalle'>, 'cases': 0}, {'district': <District.Kalmunai: 'Kalmunai'>, 'cases': 1}]"
2020-08-22,2020-08-28,373,"[{'district': <District.Colombo: 'Colombo'>, 'cases': 52}, {'district': <District.Gampaha: 'Gampaha'>, 'cases': 62}, {'district': <District.Kalutara: 'Kalutara'>, 'cases': 28}, {'district': <District.Kandy: 'Kandy'>, 'cases': 98}, {'district': <District.Matale: 'Matale'>, 'cases': 5}, {'district': <District.Nuwara_Eliya: 'Nuwara Eliya'>, 'cases': 3}, {'district': <District.Galle: 'Galle'>, 'cases': 10}, {'district': <District.Hambantota: 'Hambantota'>, 'cases': 5}, {'district': <District.Matara: 'Matara'>, 'cases': 5}, {'district': <District.Jaffna: 'Jaffna'>, 'cases': 9}, {'district': <District.Kilinochchi: 'Kilinochchi'>, 'cases': 1}, {'district': <District.Mannar: 'Mannar'>, 'cases': 0}, {'district': <District.Vavuniya: 'Vavuniya'>, 'cases': 0}, {'district': <District.Mullaitivu: 'Mullaitivu'>, 'cases': 1}, {'district': <District.Batticaloa: 'Batticaloa'>, 'cases': 9}, {'district': <District.Ampara: 'Ampara'>, 'cases': 1}, {'district': <District.Trincomalee: 'Trincomalee'>, 'cases': 1}, {'district': <District.Kurunegala: 'Kurunegala'>, 'cases': 24}, {'district': <District.Puttalam: 'Puttalam'>, 'cases': 8}, {'district': <District.Anuradhapura: 'Anuradhapura'>, 'cases': 2}, {'district': <District.Polonnaruwa: 'Polonnaruwa'>, 'cases': 0}, {'district': <District.Badulla: 'Badulla'>, 'cases': 3}, {'district': <District.Moneragala: 'Moneragala'>, 'cases': 0}, {'district': <District.Ratnapura: 'Ratnapura'>, 'cases': 30}, {'district': <District.Kegalle: 'Kegalle'>, 'cases': 12}, {'district': <District.Kalmunai: 'Kalmunai'>, 'cases': 4}]"
2009-03-21,2009-03-27,22,"[{'district': <District.Colombo: 'Colombo'>, 'cases': 25}, {'district': <District.Gampaha: 'Gampaha'>, 'cases': 10}, {'district': <District.Kalutara: 'Kalutara'>, 'cases': 22}, {'district': <District.Kandy: 'Kandy'>, 'cases': 38}, {'district': <District.Matale: 'Matale'>, 'cases': 18}, {'district': <District.Nuwara_Eliya: 'Nuwara Eliya'>, 'cases': 1}, {'district': <District.Galle: 'Galle'>, 'cases': 2}, {'district': <District.Hambantota: 'Hambantota'>, 'cases': 0}, {'district': <District.Matara: 'Matara'>, 'cases': 6}, {'district': <District.Jaffna: 'Jaffna'>, 'cases': 0}, {'district': <District.Kilinochchi: 'Kilinochchi'>, 'cases': 0}, {'district': <District.Mannar: 'Mannar'>, 'cases': 0}, {'district': <District.Vavuniya: 'Vavuniya'>, 'cases': 0}, {'district': <District.Mullaitivu: 'Mullaitivu'>, 'cases': 0}, {'district': <District.Batticaloa: 'Batticaloa'>, 'cases': 28}, {'district': <District.Ampara: 'Ampara'>, 'cases': 0}, {'district': <District.Trincomalee: 'Trincomalee'>, 'cases': 1}, {'district': <District.Kurunegala: 'Kurunegala'>, 'cases': 17}, {'district': <District.Puttalam: 'Puttalam'>, 'cases': 2}, {'district': <District.Anuradhapura: 'Anuradhapura'>, 'cases': 26}, {'district': <District.Polonnaruwa: 'Polonnaruwa'>, 'cases': 1}, {'district': <District.Badulla: 'Badulla'>, 'cases': 0}, {'district': <District.Moneragala: 'Moneragala'>, 'cases': 0}, {'district': <District.Ratnapura: 'Ratnapura'>, 'cases': 2}, {'district': <District.Kegalle: 'Kegalle'>, 'cases': 27}, {'district': <District.Kalmunai: 'Kalmunai'>, 'cases': 0}]"
2008-01-19,2008-01-25,155,"[{'district': <District.Colombo: 'Colombo'>, 'cases': 38}, {'district': <District.Gampaha: 'Gampaha'>, 'cases': 15}, {'district': <District.Kalutara: 'Kalutara'>, 'cases': 18}, {'district': <District.Kandy: 'Kandy'>, 'cases': 4}, {'district': <District.Matale: 'Matale'>, 'cases': 2}, {'district': <District.Nuwara_Eliya: 'Nuwara Eliya'>, 'cases': 0}, {'district': <District.Galle: 'Galle'>, 'cases': 5}, {'district': <District.Hambantota: 'Hambantota'>, 'cases': 8}, {'district': <District.Matara: 'Matara'>, 'cases': 5}, {'district': <District.Jaffna: 'Jaffna'>, 'cases': 0}, {'district': <District.Kilinochchi: 'Kilinochchi'>, 'cases': 0}, {'district': <District.Mannar: 'Mannar'>, 'cases': 0}, {'district': <District.Vavuniya: 'Vavuniya'>, 'cases': 2}, {'district': <District.Mullaitivu: 'Mullaitivu'>, 'cases': 0}, {'district': <District.Batticaloa: 'Batticaloa'>, 'cases': 8}, {'district': <District.Ampara: 'Ampara'>, 'cases': 0}, {'district': <District.Trincomalee: 'Trincomalee'>, 'cases': 14}, {'district': <District.Kurunegala: 'Kurunegala'>, 'cases': 12}, {'district': <District.Puttalam: 'Puttalam'>, 'cases': 12}, {'district': <District.Anuradhapura: 'Anuradhapura'>, 'cases': 3}, {'district': <District.Polonnaruwa: 'Polonnaruwa'>, 'cases': 3}, {'district': <District.Badulla: 'Badulla'>, 'cases': 1}, {'district': <District.Moneragala: 'Moneragala'>, 'cases': 1}, {'district': <District.Ratnapura: 'Ratnapura'>, 'cases': 2}, {'district': <District.Kegalle: 'Kegalle'>, 'cases': 2}, {'district': <District.Kalmunai: 'Kalmunai'>, 'cases': 0}]"
2021-08-28,2021-09-03,3359,"[{'district': <District.Colombo: 'Colombo'>, 'cases': 50}, {'district': <District.Gampaha: 'Gampaha'>, 'cases': 17}, {'district': <District.Kalutara: 'Kalutara'>, 'cases': 23}, {'district': <District.Kandy: 'Kandy'>, 'cases': 17}, {'district': <District.Matale: 'Matale'>, 'cases': 0}, {'district': <District.Nuwara_Eliya: 'Nuwara Eliya'>, 'cases': 0}, {'district': <District.Galle: 'Galle'>, 'cases': 3}, {'district': <District.Hambantota: 'Hambantota'>, 'cases': 0}, {'district': <District.Matara: 'Matara'>, 'cases': 4}, {'district': <District.Jaffna: 'Jaffna'>, 'cases': 0}, {'district': <District.Kilinochchi: 'Kilinochchi'>, 'cases': 1}, {'district': <District.Mannar: 'Mannar'>, 'cases': 0}, {'district': <District.Vavuniya: 'Vavuniya'>, 'cases': 0}, {'district': <District.Mullaitivu: 'Mullaitivu'>, 'cases': 0}, {'district': <District.Batticaloa: 'Batticaloa'>, 'cases': 1}, {'district': <District.Ampara: 'Ampara'>, 'cases': 0}, {'district': <District.Trincomalee: 'Trincomalee'>, 'cases': 0}, {'district': <District.Kurunegala: 'Kurunegala'>, 'cases': 5}, {'district': <District.Puttalam: 'Puttalam'>, 'cases': 1}, {'district': <District.Anuradhapura: 'Anuradhapura'>, 'cases': 1}, {'district': <District.Polonnaruwa: 'Polonnaruwa'>, 'cases': 0}, {'district': <District.Badulla: 'Badulla'>, 'cases': 0}, {'district': <District.Moneragala: 'Moneragala'>, 'cases': 1}, {'district': <District.Ratnapura: 'Ratnapura'>, 'cases': 1}, {'district': <District.Kegalle: 'Kegalle'>, 'cases': 3}]"
2017-12-25,2017-12-01,2228,"[{'district': <District.Colombo: 'Colombo'>, 'cases': 320}, {'district': <District.Gampaha: 'Gampaha'>, 'cases': 234}, {'district': <District.Kalutara: 'Kalutara'>, 'cases': 159}, {'district': <District.Kandy: 'Kandy'>, 'cases': 201}, {'district': <District.Matale: 'Matale'>, 'cases': 58}, {'district': <District.Nuwara_Eliya: 'Nuwara Eliya'>, 'cases': 8}, {'district': <District.Galle: 'Galle'>, 'cases': 109}, {'district': <District.Hambantota: 'Hambantota'>, 'cases': 43}, {'district': <District.Matara: 'Matara'>, 'cases': 47}, {'district': <District.Jaffna: 'Jaffna'>, 'cases': 108}, {'district': <District.Kilinochchi: 'Kilinochchi'>, 'cases': 15}, {'district': <District.Mannar: 'Mannar'>, 'cases': 2}, {'district': <District.Vavuniya: 'Vavuniya'>, 'cases': 19}, {'district': <District.Mullaitivu: 'Mullaitivu'>, 'cases': 5}, {'district': <District.Batticaloa: 'Batticaloa'>, 'cases': 81}, {'district': <District.Ampara: 'Ampara'>, 'cases': 5}, {'district': <District.Trincomalee: 'Trincomalee'>, 'cases': 29}, {'district': <District.Kurunegala: 'Kurunegala'>, 'cases': 185}, {'district': <District.Puttalam: 'Puttalam'>, 'cases': 232}, {'district': <District.Anuradhapura: 'Anuradhapura'>, 'cases': 53}, {'district': <District.Polonnaruwa: 'Polonnaruwa'>, 'cases': 20}, {'district': <District.Badulla: 'Badulla'>, 'cases': 39}, {'district': <District.Moneragala: 'Moneragala'>, 'cases': 71}, {'district': <District.Ratnapura: 'Ratnapura'>, 'cases': 64}, {'district': <District.Kegalle: 'Kegalle'>, 'cases': 68}, {'district': <District.Kalmunai: 'Kalmunai'>, 'cases': 53}]"
2012-02-18,2012-02-24,546,"[{'district': <District.Colombo: 'Colombo'>, 'cases': 128}, {'district': <District.Gampaha: 'Gampaha'>, 'cases': 83}, {'district': <District.Kalutara: 'Kalutara'>, 'cases': 29}, {'district': <District.Kandy: 'Kandy'>, 'cases': 37}, {'district': <District.Matale: 'Matale'>, 'cases': 15}, {'district': <District.Nuwara_Eliya: 'Nuwara Eliya'>, 'cases': 8}, {'district': <District.Galle: 'Galle'>, 'cases': 20}, {'district': <District.Hambantota: 'Hambantota'>, 'cases': 14}, {'district': <District.Matara: 'Matara'>, 'cases': 40}, {'district': <District.Jaffna: 'Jaffna'>, 'cases': 6}, {'district': <District.Kilinochchi: 'Kilinochchi'>, 'cases': 0}, {'district': <District.Mannar: 'Mannar'>, 'cases': 2}, {'district': <District.Vavuniya: 'Vavuniya'>, 'cases': 2}, {'district': <District.Mullaitivu: 'Mullaitivu'>, 'cases': 0}, {'district': <District.Batticaloa: 'Batticaloa'>, 'cases': 20}, {'district': <District.Ampara: 'Ampara'>, 'cases': 2}, {'district': <District.Trincomalee: 'Trincomalee'>, 'cases': 6}, {'district': <District.Kurunegala: 'Kurunegala'>, 'cases': 47}, {'district': <District.Puttalam: 'Puttalam'>, 'cases': 7}, {'district': <District.Anuradhapura: 'Anuradhapura'>, 'cases': 5}, {'district': <District.Polonnaruwa: 'Polonnaruwa'>, 'cases': 10}, {'district': <District.Badulla: 'Badulla'>, 'cases': 3}, {'district': <District.Moneragala: 'Moneragala'>, 'cases': 3}, {'district': <District.Ratnapura: 'Ratnapura'>, 'cases': 38}, {'district': <District.Kegalle: 'Kegalle'>, 'cases': 18}, {'district': <District.Kalmunai: 'Kalmunai'>, 'cases': 3}]"
2014-10-04,2014-10-10,545,"[{'district': <District.Colombo: 'Colombo'>, 'cases': 149}, {'district': <District.Gampaha: 'Gampaha'>, 'cases': 115}, {'district': <District.Kalutara: 'Kalutara'>, 'cases': 27}, {'district': <District.Kandy: 'Kandy'>, 'cases': 39}, {'district': <District.Matale: 'Matale'>, 'cases': 6}, {'district': <District.Nuwara_Eliya: 'Nuwara Eliya'>, 'cases': 2}, {'district': <District.Galle: 'Galle'>, 'cases': 7}, {'district': <District.Hambantota: 'Hambantota'>, 'cases': 4}, {'district': <District.Matara: 'Matara'>, 'cases': 29}, {'district': <District.Jaffna: 'Jaffna'>, 'cases': 29}, {'district': <District.Kilinochchi: 'Kilinochchi'>, 'cases': 0}, {'district': <District.Mannar: 'Mannar'>, 'cases': 11}, {'district': <District.Vavuniya: 'Vavuniya'>, 'cases': 0}, {'district': <District.Mullaitivu: 'Mullaitivu'>, 'cases': 0}, {'district': <District.Batticaloa: 'Batticaloa'>, 'cases': 4}, {'district': <District.Ampara: 'Ampara'>, 'cases': 0}, {'district': <District.Trincomalee: 'Trincomalee'>, 'cases': 2}, {'district': <District.Kurunegala: 'Kurunegala'>, 'cases': 42}, {'district': <District.Puttalam: 'Puttalam'>, 'cases': 4}, {'district': <District.Anuradhapura: 'Anuradhapura'>, 'cases': 1}, {'district': <District.Polonnaruwa: 'Polonnaruwa'>, 'cases': 6}, {'district': <District.Badulla: 'Badulla'>, 'cases': 20}, {'district': <District.Moneragala: 'Moneragala'>, 'cases': 7}, {'district': <District.Ratnapura: 'Ratnapura'>, 'cases': 29}, {'district': <District.Kegalle: 'Kegalle'>, 'cases': 10}, {'district': <District.Kalmunai: 'Kalmunai'>, 'cases': 2}]"
2017-09-09,2017-09-15,59,"[{'district': <District.Colombo: 'Colombo'>, 'cases': 219}, {'district': <District.Gampaha: 'Gampaha'>, 'cases': 245}, {'district': <District.Kalutara: 'Kalutara'>, 'cases': 170}, {'district': <District.Kandy: 'Kandy'>, 'cases': 206}, {'district': <District.Matale: 'Matale'>, 'cases': 35}, {'district': <District.Nuwara_Eliya: 'Nuwara Eliya'>, 'cases': 8}, {'district': <District.Galle: 'Galle'>, 'cases': 70}, {'district': <District.Hambantota: 'Hambantota'>, 'cases': 48}, {'district': <District.Matara: 'Matara'>, 'cases': 66}, {'district': <District.Jaffna: 'Jaffna'>, 'cases': 75}, {'district': <District.Kilinochchi: 'Kilinochchi'>, 'cases': 15}, {'district': <District.Mannar: 'Mannar'>, 'cases': 0}, {'district': <District.Vavuniya: 'Vavuniya'>, 'cases': 10}, {'district': <District.Mullaitivu: 'Mullaitivu'>, 'cases': 5}, {'district': <District.Batticaloa: 'Batticaloa'>, 'cases': 33}, {'district': <District.Ampara: 'Ampara'>, 'cases': 13}, {'district': <District.Trincomalee: 'Trincomalee'>, 'cases': 8}, {'district': <District.Kurunegala: 'Kurunegala'>, 'cases': 102}, {'district': <District.Puttalam: 'Puttalam'>, 'cases': 75}, {'district': <District.Anuradhapura: 'Anuradhapura'>, 'cases': 20}, {'district': <District.Polonnaruwa: 'Polonnaruwa'>, 'cases': 9}, {'district': <District.Badulla: 'Badulla'>, 'cases': 65}, {'district': <District.Moneragala: 'Moneragala'>, 'cases': 62}, {'district': <District.Ratnapura: 'Ratnapura'>, 'cases': 160}, {'district': <District.Kegalle: 'Kegalle'>, 'cases': 126}, {'district': <District.Kalmunai: 'Kalmunai'>, 'cases': 26}]"
2016-01-23,2016-01-29,1221,"[{'district': <District.Colombo: 'Colombo'>, 'cases': 472}, {'district': <District.Gampaha: 'Gampaha'>, 'cases': 106}, {'district': <District.Kalutara: 'Kalutara'>, 'cases': 59}, {'district': <District.Kandy: 'Kandy'>, 'cases': 64}, {'district': <District.Matale: 'Matale'>, 'cases': 13}, {'district': <District.Nuwara_Eliya: 'Nuwara Eliya'>, 'cases': 8}, {'district': <District.Galle: 'Galle'>, 'cases': 43}, {'district': <District.Hambantota: 'Hambantota'>, 'cases': 25}, {'district': <District.Matara: 'Matara'>, 'cases': 33}, {'district': <District.Jaffna: 'Jaffna'>, 'cases': 137}, {'district': <District.Kilinochchi: 'Kilinochchi'>, 'cases': 3}, {'district': <District.Mannar: 'Mannar'>, 'cases': 8}, {'district': <District.Vavuniya: 'Vavuniya'>, 'cases': 15}, {'district': <District.Mullaitivu: 'Mullaitivu'>, 'cases': 12}, {'district': <District.Batticaloa: 'Batticaloa'>, 'cases': 32}, {'district': <District.Ampara: 'Ampara'>, 'cases': 0}, {'district': <District.Trincomalee: 'Trincomalee'>, 'cases': 20}, {'district': <District.Kurunegala: 'Kurunegala'>, 'cases': 60}, {'district': <District.Puttalam: 'Puttalam'>, 'cases': 16}, {'district': <District.Anuradhapura: 'Anuradhapura'>, 'cases': 21}, {'district': <District.Polonnaruwa: 'Polonnaruwa'>, 'cases': 4}, {'district': <District.Badulla: 'Badulla'>, 'cases': 14}, {'district': <District.Moneragala: 'Moneragala'>, 'cases': 5}, {'district': <District.Ratnapura: 'Ratnapura'>, 'cases': 13}, {'district': <District.Kegalle: 'Kegalle'>, 'cases': 33}, {'district': <District.Kalmunai: 'Kalmunai'>, 'cases': 5}]"
